"Parlamentar","Data Desbloqueio","Ano de Exercicio","Unidade Orcamentaria Cod","Unidade Orcamentaria Desc","SubTítulo","Código da Emenda","Nota Dotação","Ds Observação","Código Unidade Gestora","Código Programa Trabalho","Código Natureza Despesa","Vl Solicitado"
"CLÁUDIO ABRANTES","2017/01/20 00:00:00","2017","18101","SECRETARIA DE ESTADO DE  EDUCAÇÃO DO DISTRITO FEDE","CONSTRUÇÃO DE PRÉDIOS E PRÓPRIOS-CONSTRUÇÃO DO MUSEU DA EDUCAÇÃO NA CANDANGOLANDIA-REGIÃO XIX - CANDANGOLÂNDIA","466","284 ","","160101","12 .122.6002.1984.0005","449051","300000"
"CLÁUDIO ABRANTES","2017/01/20 00:00:00","2017","18101","SECRETARIA DE ESTADO DE  EDUCAÇÃO DO DISTRITO FEDE","DESCENTRALIZAÇÃO DE RECURSOS FINANCEIROS PARA AS ESCOLAS- DA REGIÃO NORTE DO DISTRITO FEDERAL- REGIÃO NORTE                                                                                                                                               ","469","284 ","","160101","12 .122.6221.2387.0001","335043","300000"
"CLÁUDIO ABRANTES","2017/01/20 00:00:00","2017","18101","SECRETARIA DE ESTADO DE  EDUCAÇÃO DO DISTRITO FEDE","DESCENTRALIZAÇÃO DE RECURSOS FINANCEIROS PARA AS ESCOLAS-SE-DISTRITO FEDERAL                                                                                                                                                                              ","5053","284 ","","160101","12 .122.6221.2387.0055","335043","300000"
"CLÁUDIO ABRANTES","2017/01/20 00:00:00","2017","18101","SECRETARIA DE ESTADO DE  EDUCAÇÃO DO DISTRITO FEDE","MODERNIZAÇÃO DE SISTEMA DE INFORMAÇÃO- INTERNET NAS ESCOLAS-DISTRITO FEDERAL                                                                                                                                                                              ","468","284 ","","160101","12 .126.6221.1471.0002","339039","300000"
"CLÁUDIO ABRANTES","2017/01/20 00:00:00","2017","18101","SECRETARIA DE ESTADO DE  EDUCAÇÃO DO DISTRITO FEDE","CONSTRUÇÃO DE UNIDADE DE ENSINO-CONTRUÇÃO DE UNIDADE DE ENSINO DA EDUCAÇÃO INFANTIL-REGIÃO VI - PLANALTINA","467","284 ","","160101","12 .365.6221.5023.0004","449051","300000"
"CLÁUDIO ABRANTES","2017/01/20 00:00:00","2017","34101","SECRETARIA DE ESTADO DE ESPORTE, TURISMO E LAZER D","REALIZAÇÃO DE EVENTOS- PARA PROMOÇÃO DE LAZER EM TODO O DF-DISTRITO FEDERAL                                                                                                                                                                               ","478","284 ","","190107","27 .812.6206.3678.0013","339039","300000"
"CLÁUDIO ABRANTES","2017/01/20 00:00:00","2017","59108","ADMINISTRAÇÃO REGIONAL DE PLANALTINA - RA VI      ","REALIZAÇÃO DE EVENTOS-APOIO À REALIZAÇÃO DA FESTA DO DIVINO DE PLANALTINA- PLANALTINA                                                                                                                                                                     ","475","284 ","","190108","13 .392.6219.3678.0019","339039","300000"
"CLÁUDIO ABRANTES","2017/01/20 00:00:00","2017","16101","SECRETARIA  DE ESTADO DE CULTURA DO DISTRITO FEDER","REALIZAÇÃO DE EVENTOS-APOIO À REALIZAÇÃO DA PAIXÃO DO CRISTO NEGRO-DISTRITO FEDERAL","465","284 ","","190114","13 .392.6219.3678.0020","339039","300000"
"CLÁUDIO ABRANTES","2017/01/20 00:00:00","2017","22201","COMPANHIA URBANIZADORA DA NOVA CAPITAL DO BRASIL -","CONSTRUÇÃO DE ESPAÇO CULTURAL-CASA DA CULTURA DE- PLANALTINA                                                                                                                                                                                              ","4023","284 ","","190201","15 .392.6219.5968.0002","449051","300000"
"CLÁUDIO ABRANTES","2017/01/20 00:00:00","2017","22201","COMPANHIA URBANIZADORA DA NOVA CAPITAL DO BRASIL -","EXECUÇÃO DE OBRAS DE URBANIZAÇÃO-CONSTRUÇÃO DE UNIDADES BÁSICAS DE SAÚDE-DISTRITO FEDERAL","582","284 ","","190201","15 .451.6210.1110.0002","449051","300000"
"CLÁUDIO ABRANTES","2017/01/20 00:00:00","2017","22201","COMPANHIA URBANIZADORA DA NOVA CAPITAL DO BRASIL -","EXECUÇÃO DE OBRAS DE URBANIZAÇÃO-CONSTRUÇÃO DE UNIDADE BÁSICA DE SAÚDE EM PLANALTINA-REGIÃO VI - PLANALTINA","583","284 ","","190201","15 .451.6210.1110.0003","449051","300000"
"CLÁUDIO ABRANTES","2017/01/20 00:00:00","2017","22201","COMPANHIA URBANIZADORA DA NOVA CAPITAL DO BRASIL -","EXECUÇÃO DE OBRAS DE URBANIZAÇÃO- EM TODAS AS REGIOES ADMINISTRATIVAS-DISTRITO FEDERAL                                                                                                                                                                    ","470","284 ","","190201","15 .451.6210.1110.0076","449051","300000"
"CLÁUDIO ABRANTES","2017/01/20 00:00:00","2017","22201","COMPANHIA URBANIZADORA DA NOVA CAPITAL DO BRASIL -","ELABORAÇÃO DE PROJETOS-REFORMA E AMPLIAÇÃO DO HOSPITAL REGIONAL DE PLANALTINA-REGIÃO VI - PLANALTINA","481","284 ","","190201","15 .451.6210.1968.0007","449051","300000"
"CLÁUDIO ABRANTES","2017/01/20 00:00:00","2017","22201","COMPANHIA URBANIZADORA DA NOVA CAPITAL DO BRASIL -","AMPLIAÇÃO DOS PONTOS DE ILUMINAÇÃO PÚBLICA- EM NOVA PETRÓPOLIS- SOBRADINHO                                                                                                                                                                                ","473","284 ","","190201","15 .752.6210.1836.0013","449051","300000"
"CLÁUDIO ABRANTES","2017/01/20 00:00:00","2017","22201","COMPANHIA URBANIZADORA DA NOVA CAPITAL DO BRASIL -","AMPLIAÇÃO DOS PONTOS DE ILUMINAÇÃO PÚBLICA- NA DF-440- SOBRADINHO                                                                                                                                                                                         ","474","284 ","","190201","15 .752.6210.1836.0014","449051","300000"
"CLÁUDIO ABRANTES","2017/01/20 00:00:00","2017","22201","COMPANHIA URBANIZADORA DA NOVA CAPITAL DO BRASIL -","REFORMA DE QUADRAS DE ESPORTES-IMPLANTAÇÃO DE COBERTURA E REFORMA DE QUADRAS DE ESPORTE-DISTRITO FEDERAL","471","284 ","","190201","27 .812.6206.3440.0009","449051","300000"
"CLÁUDIO ABRANTES","2017/01/20 00:00:00","2017","22201","COMPANHIA URBANIZADORA DA NOVA CAPITAL DO BRASIL -","IMPLANTAÇÃO DE INFRA-ESTRUTURA ESPORTIVA-CONSTRUÇÃO DA VILA OLIMPICA DE PLANALTINA-REGIÃO VI - PLANALTINA","472","284 ","","190201","27 .812.6206.3596.0001","449051","300000"
"CLÁUDIO ABRANTES","2017/01/20 00:00:00","2017","14101","SECRETARIA DE  ESTADO DA AGRICULTURA, ABASTECIMENT","MANUTENÇÃO DA INFRAESTRUTURA DO SETOR AGROPECU-MODERNIZAÇÃO E MELHORIA DA INFRAESTRUTURA DA SEAGRI-DISTRITO FEDERAL","482","284 ","","210101","15 .451.6207.4119.0001","449051","300000"
"CLÁUDIO ABRANTES","2017/01/20 00:00:00","2017","14101","SECRETARIA DE  ESTADO DA AGRICULTURA, ABASTECIMENT","MANUTENÇÃO DA INFRAESTRUTURA DO SETOR AGROPECU-MODERNIZAÇÃO E MELHORIA DA INFRAESTRUTURA DA SEAGRI-DISTRITO FEDERAL","482","284 ","","210101","15 .451.6207.4119.0001","449052","300000"
"CLÁUDIO ABRANTES","2017/01/20 00:00:00","2017","14101","SECRETARIA DE  ESTADO DA AGRICULTURA, ABASTECIMENT","APOIO A EVENTOS-APOIO AO EVENTO BRASILIA AGROECOLÓGICA 2017"" - ESPAÇO FÍSICO E ESTRUTURA DE APOIO, INFRAESTRUTURA DE ALOJAMENTO DOS AGRICULTORES""-DISTRITO FEDERAL","1036","284 ","","210101","20 .606.6210.4090.0014","339039","300000"
"CLÁUDIO ABRANTES","2017/01/20 00:00:00","2017","14101","SECRETARIA DE  ESTADO DA AGRICULTURA, ABASTECIMENT","APOIO A EVENTOS-APOIO AO EVENTO BRASILIA AGROECOLÓGICA 2017"" - ESPAÇO FÍSICO E ESTRUTURA DE APOIO, INFRAESTRUTURA DE ALOJAMENTO DOS AGRICULTORES""-DISTRITO FEDERAL","1036","284 ","","210203","20 .606.6210.4090.0014","339039","300000"
"CLÁUDIO ABRANTES","2017/01/20 00:00:00","2017","16101","SECRETARIA  DE ESTADO DE CULTURA DO DISTRITO FEDER","AQUISIÇÃO DE MATERIAL PERMANENTE PARA CASA DA CULTURA DE PLANALTINA","547","284 ","","230101","04 .122.6001.3467.0001","449052","300000"
"CLÁUDIO ABRANTES","2017/01/20 00:00:00","2017","16101","SECRETARIA  DE ESTADO DE CULTURA DO DISTRITO FEDER","REALIZAÇÃO DE EVENTOS-APOIO A PROJETOS, ATIVIDADES E EVENTOS CULTURAIS-DISTRITO FEDERAL","461","284 ","","230101","13 .392.6219.3678.0002","335039","300000"
"CLÁUDIO ABRANTES","2017/01/20 00:00:00","2017","16101","SECRETARIA  DE ESTADO DE CULTURA DO DISTRITO FEDER","REALIZAÇÃO DE EVENTOS-APOIO A PROJETOS, ATIVIDADES E EVENTOS CULTURAIS-DISTRITO FEDERAL","461","284 ","","230101","13 .392.6219.3678.0002","335041","300000"
"CLÁUDIO ABRANTES","2017/01/20 00:00:00","2017","16101","SECRETARIA  DE ESTADO DE CULTURA DO DISTRITO FEDER","REALIZAÇÃO DE EVENTOS-APOIO A PROJETOS, ATIVIDADES E EVENTOS CULTURAIS-DISTRITO FEDERAL","461","284 ","","230101","13 .392.6219.3678.0002","339039","300000"
"CLÁUDIO ABRANTES","2017/01/20 00:00:00","2017","16101","SECRETARIA  DE ESTADO DE CULTURA DO DISTRITO FEDER","REALIZAÇÃO DE EVENTOS-APOIO A REALIZAÇÃO DA VIA SACRA AO VIVO DE PLANALTINA-REGIÃO VI - PLANALTINA","463","284 ","","230101","13 .392.6219.3678.0005","335039","300000"
"CLÁUDIO ABRANTES","2017/01/20 00:00:00","2017","16101","SECRETARIA  DE ESTADO DE CULTURA DO DISTRITO FEDER","REALIZAÇÃO DE EVENTOS-APOIO A REALIZAÇÃO DA VIA SACRA AO VIVO DE PLANALTINA-REGIÃO VI - PLANALTINA","463","284 ","","230101","13 .392.6219.3678.0005","335041","300000"
"CLÁUDIO ABRANTES","2017/01/20 00:00:00","2017","16101","SECRETARIA  DE ESTADO DE CULTURA DO DISTRITO FEDER","REALIZAÇÃO DE EVENTOS-APOIO À REALIZAÇÃO DA PAIXÃO DO CRISTO NEGRO-DISTRITO FEDERAL","465","284 ","","230101","13 .392.6219.3678.0020","339039","300000"
"CLÁUDIO ABRANTES","2017/01/20 00:00:00","2017","16101","SECRETARIA  DE ESTADO DE CULTURA DO DISTRITO FEDER","APOIO A EVENTOS-APOIO À REALIZAÇÃO DA VIA SACRA DOS SURDOS-DISTRITO FEDERAL","540","284 ","","230101","13 .392.6219.4090.0028","339039","300000"
"CLÁUDIO ABRANTES","2017/01/20 00:00:00","2017","16101","SECRETARIA  DE ESTADO DE CULTURA DO DISTRITO FEDER","APOIO A EVENTOS-APOIO AO PROJETO DA REVISTA TRAÇOS-DISTRITO FEDERAL                                                                                                                                                                                       ","5106","284 ","","230101","13 .392.6219.4090.0066","335041","300000"
"CLÁUDIO ABRANTES","2017/01/20 00:00:00","2017","25101","SECRETARIA DE ESTADO DE TRABALHO, DESENVOLVIMENTO ","APOIO A EVENTOS-APOIO A AÇÕES DE ASSISTÊNCIA E ACOMPANHAMENTO SOCIAL DO PROJETO DA REVISTA TRAÇOS-DISTRITO FEDERAL                                                                                                                                        ","1031","284 ","","250101","08 .244.6219.4090.0033","335039","300000"
"CLÁUDIO ABRANTES","2017/01/20 00:00:00","2017","25101","SECRETARIA DE ESTADO DE TRABALHO, DESENVOLVIMENTO ","APOIO A EVENTOS-APOIO A ASSISTÊNCIA E ACOMPANHAMENTO SOCIAL DO PROJETO DA REVISTA TRAÇOS PELA ASSOCIAÇÃO TRAÇOS DE COMUNICAÇÃO E CULTURA-DISTRITO FEDERAL                                                                                                 ","1070","284 ","","250101","08 .244.6219.4090.0045","335039","300000"
"CLÁUDIO ABRANTES","2017/01/20 00:00:00","2017","16101","SECRETARIA  DE ESTADO DE CULTURA DO DISTRITO FEDER","APOIO A EVENTOS-APOIO À REALIZAÇÃO DA VIA SACRA DOS SURDOS-DISTRITO FEDERAL","540","284 ","","340101","13 .392.6219.4090.0028","339039","300000"
"CLÁUDIO ABRANTES","2017/01/20 00:00:00","2017","34101","SECRETARIA DE ESTADO DE ESPORTE, TURISMO E LAZER D","REALIZAÇÃO DE EVENTOS- PARA PROMOÇÃO DE LAZER EM TODO O DF-DISTRITO FEDERAL                                                                                                                                                                               ","478","284 ","","340101","27 .812.6206.3678.0013","335039","300000"
"CLÁUDIO ABRANTES","2017/01/20 00:00:00","2017","34101","SECRETARIA DE ESTADO DE ESPORTE, TURISMO E LAZER D","REALIZAÇÃO DE EVENTOS- PARA PROMOÇÃO DE LAZER EM TODO O DF-DISTRITO FEDERAL                                                                                                                                                                               ","478","284 ","","340101","27 .812.6206.3678.0013","335041","300000"
"CLÁUDIO ABRANTES","2017/01/20 00:00:00","2017","34101","SECRETARIA DE ESTADO DE ESPORTE, TURISMO E LAZER D","REALIZAÇÃO DE EVENTOS- PARA PROMOÇÃO DE LAZER EM TODO O DF-DISTRITO FEDERAL                                                                                                                                                                               ","478","284 ","","340101","27 .812.6206.3678.0013","339039","300000"
"CLÁUDIO ABRANTES","2017/01/20 00:00:00","2017","59108","ADMINISTRAÇÃO REGIONAL DE PLANALTINA - RA VI      ","REALIZAÇÃO DE EVENTOS-APOIO À REALIZAÇÃO DA FESTA DO DIVINO DE PLANALTINA- PLANALTINA                                                                                                                                                                     ","475","284 ","","340101","13 .392.6219.3678.0019","339039","300000"
"JÚLIO CÉSAR","2017/01/27 00:00:00","2017","18101","SECRETARIA DE ESTADO DE  EDUCAÇÃO DO DISTRITO FEDE","DESCENTRALIZAÇÃO DE RECURSOS FINANCEIROS PARA AS E-PROGRAMA DE DESCENTRALIZAÇÃO DE RECURSOS FINANCEIROS PARA AS ESCOLAS - PDAF-DISTRITO FEDERAL","169","171 ","","160101","12 .122.6221.2387.0007","335043","250000"
"JÚLIO CÉSAR","2017/01/27 00:00:00","2017","18101","SECRETARIA DE ESTADO DE  EDUCAÇÃO DO DISTRITO FEDE","DESCENTRALIZAÇÃO DE RECURSOS FINANCEIROS PARA AS ESCOLAS-SE-DISTRITO FEDERAL                                                                                                                                                                              ","4051","171 ","","160101","12 .122.6221.2387.0033","335043","250000"
"JÚLIO CÉSAR","2017/01/27 00:00:00","2017","18101","SECRETARIA DE ESTADO DE  EDUCAÇÃO DO DISTRITO FEDE","DESCENTRALIZAÇÃO DE RECURSOS FINANCEIROS PARA AS ESCOLAS-SE-DISTRITO FEDERAL                                                                                                                                                                              ","5056","171 ","","160101","12 .122.6221.2387.0056","335043","250000"
"JÚLIO CÉSAR","2017/01/27 00:00:00","2017","18101","SECRETARIA DE ESTADO DE  EDUCAÇÃO DO DISTRITO FEDE","REFORMA DE UNIDADES DE ENSINO MÉDIO-REFORMA E AMPLIAÇÃO DO CENTRO INTERESCOLARES DE LINGUAS - CIL - QR 407 DE SAMAMBAIA-REGIÃO XII - SAMAMBAIA","183","171 ","","160101","12 .362.6221.3237.0007","449051","250000"
"JÚLIO CÉSAR","2017/01/27 00:00:00","2017","23901","FUNDO DE SAÚDE DO DISTRITO FEDERAL                ","CONSTRUÇÃO DE UNIDADES BÁSICAS DE SAÚDE- RIACHO FUNDO II- RIACHO FUNDO II                                                                                                                                                                                 ","174","171 ","","170901","10 .301.6202.3135.0009","449051","250000"
"JÚLIO CÉSAR","2017/01/27 00:00:00","2017","59104","ADMINISTRAÇÃO REGIONAL DO GAMA - RA II            ","EXECUÇÃO DE OBRAS DE URBANIZAÇÃO-REALIZAÇÃO DE OBRAS DE INFRA-ESTRUTURA E URBANIZAÇÃO NA REGIÃO ADMINISTRATIVA DO GAMA-REGIÃO II - GAMA- GAMA                                                                                                             ","541","171 ","","190104","15 .451.6210.1110.0087","449051","250000"
"JÚLIO CÉSAR","2017/01/27 00:00:00","2017","59104","ADMINISTRAÇÃO REGIONAL DO GAMA - RA II            ","CONSTRUÇÃO DE QUADRAS DE ESPORTES-- GAMA                                                                                                                                                                                                                  ","4022","171 ","","190104","27 .812.6206.1745.0021","449051","250000"
"JÚLIO CÉSAR","2017/01/27 00:00:00","2017","59105","ADMINISTRAÇÃO REGIONAL DE TAGUATINGA - RA III     ","EXECUÇÃO DE OBRAS DE URBANIZAÇÃO-REALIZAÇÃO DE OBRAS DE INFRA-ESTRUTURA E URBANIZAÇÃO NA REGIÃO ADMINISTRATIVA DE TAGUATINGA- TAGUATINGA                                                                                                                  ","201","171 ","","190105","15 .451.6210.1110.0092","449051","250000"
"JÚLIO CÉSAR","2017/01/27 00:00:00","2017","59107","ADMINISTRAÇÃO REGIONAL DE SOBRADINHO - RA V       ","EXECUÇÃO DE OBRAS DE URBANIZAÇÃO-REALIZAÇÃO DE OBRAS DE INFRA-ESTRUTURA E URBANIZAÇÃO NA REGIÃO ADMINISTRATIVA DE SOBRADINHO- SOBRADINHO                                                                                                                  ","193","171 ","","190107","15 .451.6210.1110.0098","449051","250000"
"JÚLIO CÉSAR","2017/01/27 00:00:00","2017","59107","ADMINISTRAÇÃO REGIONAL DE SOBRADINHO - RA V       ","AMPLIAÇÃO DA REDE DE ILUMINAÇÃO PÚBLICA-AMPLIAÇÃO DA REDE DE ILUMINAÇÃO PUBLICA EM SOBRADINHO-DISTRITO FEDERAL                                                                                                                                            ","1176","171 ","","190107","25 .451.6216.1763.0010","449051","250000"
"JÚLIO CÉSAR","2017/01/27 00:00:00","2017","59108","ADMINISTRAÇÃO REGIONAL DE PLANALTINA - RA VI      ","EXECUÇÃO DE OBRAS DE URBANIZAÇÃO-REALIZAÇÃO DE OBRAS DE INFRA-ESTRUTURA E URBANIZAÇÃO NA REGIÃO ADMINISTRATIVA DE PLANALTINA- PLANALTINA                                                                                                                  ","544","171 ","","190108","15 .451.6210.1110.0102","449051","250000"
"JÚLIO CÉSAR","2017/01/27 00:00:00","2017","59111","ADMINISTRAÇÃO REGIONAL DE CEILÂNDIA - RA IX       ","EXECUÇÃO DE OBRAS DE URBANIZAÇÃO-REALIZAÇÃO DE OBRAS DE INFRA-ESTRUTURA E URBANIZAÇÃO NA REGIÃO ADMINISTRATIVA DE CEILÂNDIA- CEILÂNDIA                                                                                                                    ","199","171 ","","190111","15 .451.6210.1110.0119","449051","250000"
"JÚLIO CÉSAR","2017/01/27 00:00:00","2017","22201","COMPANHIA URBANIZADORA DA NOVA CAPITAL DO BRASIL -","REFORMA DE QUADRAS DE ESPORTES- IMPLANTAÇÃO DE COBERTURA E REFORMA DE QUADRAS DE ESPORTE-DISTRITO FEDERAL                                                                                                                                                 ","180","171 ","","190113","15 .451.6206.3440.0004","449051","250000"
"JÚLIO CÉSAR","2017/01/27 00:00:00","2017","59114","ADMINISTRAÇÃO REGIONAL DE SAMAMBAIA - RA XII      ","REFORMA DE PRÉDIOS E PRÓPRIOS-REFORMA DO ESTÁDIO DE SAMAMBAIA- SAMAMBAIA                                                                                                                                                                                  ","1145","171 ","","190114","04 .451.6001.3903.0002","449051","250000"
"JÚLIO CÉSAR","2017/01/27 00:00:00","2017","59114","ADMINISTRAÇÃO REGIONAL DE SAMAMBAIA - RA XII      ","REFORMA DE PRAÇAS PÚBLICAS E PARQUES-- SAMAMBAIA-DISTRITO FEDERAL                                                                                                                                                                                         ","33020","171 ","","190114","15 .451.6206.3902.0029","449051","250000"
"JÚLIO CÉSAR","2017/01/27 00:00:00","2017","59114","ADMINISTRAÇÃO REGIONAL DE SAMAMBAIA - RA XII      ","EXECUÇÃO DE OBRAS DE URBANIZAÇÃO-REALIZAÇÃO DE OBRAS DE INFRA-ESTRUTURA E URBANIZAÇÃO NA REGIÃO ADMINISTRATIVA DE SAMAMBAIA- SAMAMBAIA                                                                                                                    ","543","171 ","","190114","15 .451.6210.1110.0010","449051","250000"
"JÚLIO CÉSAR","2017/01/27 00:00:00","2017","59114","ADMINISTRAÇÃO REGIONAL DE SAMAMBAIA - RA XII      ","AMPLIAÇÃO DA REDE DE ILUMINAÇÃO PÚBLICA-DAS QUADRAS 101, 102, 301 E 302 - SAMAMBAIA-DISTRITO FEDERAL                                                                                                                                                      ","3020","171 ","","190114","15 .752.6210.1763.0014","449051","250000"
"JÚLIO CÉSAR","2017/01/27 00:00:00","2017","59114","ADMINISTRAÇÃO REGIONAL DE SAMAMBAIA - RA XII      ","AMPLIAÇÃO DA REDE DE ILUMINAÇÃO PÚBLICA-AMPLIAÇÃO DA REDE DE ILUMINAÇÃO PUBLICA- SAMAMBAIA                                                                                                                                                                ","1114","171 ","","190114","15 .752.6216.1763.0008","449051","250000"
"JÚLIO CÉSAR","2017/01/27 00:00:00","2017","59114","ADMINISTRAÇÃO REGIONAL DE SAMAMBAIA - RA XII      ","REFORMA DE QUADRAS DE ESPORTES--DISTRITO FEDERAL                                                                                                                                                                                                          ","33320","171 ","","190114","27 .812.6206.3440.0025","449051","250000"
"JÚLIO CÉSAR","2017/01/27 00:00:00","2017","59114","ADMINISTRAÇÃO REGIONAL DE SAMAMBAIA - RA XII      ","APOIO A EVENTOS-ESPORTIVOS NA REGIAO ADMINISTRATIVA- SAMAMBAIA                                                                                                                                                                                            ","1075","171 ","","190114","27 .812.6206.4090.0048","339030","250000"
"JÚLIO CÉSAR","2017/01/27 00:00:00","2017","59114","ADMINISTRAÇÃO REGIONAL DE SAMAMBAIA - RA XII      ","APOIO A EVENTOS-ESPORTIVOS NA REGIAO ADMINISTRATIVA- SAMAMBAIA                                                                                                                                                                                            ","1075","171 ","","190114","27 .812.6206.4090.0048","339031","250000"
"JÚLIO CÉSAR","2017/01/27 00:00:00","2017","59114","ADMINISTRAÇÃO REGIONAL DE SAMAMBAIA - RA XII      ","APOIO A EVENTOS-ESPORTIVOS NA REGIAO ADMINISTRATIVA- SAMAMBAIA                                                                                                                                                                                            ","1075","171 ","","190114","27 .812.6206.4090.0048","339039","250000"
"JÚLIO CÉSAR","2017/01/27 00:00:00","2017","59116","ADMINISTRAÇÃO REGIONAL DE SÃO SEBASTIÃO - RA XIV  ","EXECUÇÃO DE OBRAS DE URBANIZAÇÃO-REALIZAÇÃO DE OBRAS DE INFRA-ESTRUTURA E URBANIZAÇÃO NA REGIÃO ADMINISTRATIVA DE SÃO SEBASTIÃO- SÃO SEBASTIÃO                                                                                                            ","198","171 ","","190116","15 .451.6210.1110.0019","449051","250000"
"JÚLIO CÉSAR","2017/01/27 00:00:00","2017","59117","ADMINISTRAÇÃO REGIONAL DO RECANTO DAS EMAS - RA XV","EXECUÇÃO DE OBRAS DE URBANIZAÇÃO-REALIZAÇÃO DE OBRAS DE INFRA-ESTRUTURA E URBANIZAÇÃO NA REGIÃO ADMINISTRATIVA DE SANTA MARIA- RECANTO DAS EMAS                                                                                                           ","197","171 ","","190117","15 .451.6210.1110.0023","449051","250000"
"JÚLIO CÉSAR","2017/01/27 00:00:00","2017","16101","SECRETARIA  DE ESTADO DE CULTURA DO DISTRITO FEDER","APOIO A EVENTOS-APOIO A EVENTOS NAS REGIÕES ADMINISTRATIVAS DO DISTRITO FEDERAL-DISTRITO FEDERAL","539","171 ","","190119","27 .392.6219.4090.0016","339036","250000"
"JÚLIO CÉSAR","2017/01/27 00:00:00","2017","16101","SECRETARIA  DE ESTADO DE CULTURA DO DISTRITO FEDER","APOIO A EVENTOS-APOIO A EVENTOS NAS REGIÕES ADMINISTRATIVAS DO DISTRITO FEDERAL-DISTRITO FEDERAL","539","171 ","","190119","27 .392.6219.4090.0016","339039","250000"
"JÚLIO CÉSAR","2017/01/27 00:00:00","2017","59122","ADMINISTRAÇÃO REGIONAL DE ÁGUAS CLARAS - RA XX    ","EXECUÇÃO DE OBRAS DE URBANIZAÇÃO-REALIZAÇÃO DE OBRAS DE INFRA-ESTRUTURA E URBANIZAÇÃO NA REGIÃO ADMINISTRATIVA DE ÁGUAS CLARAS- ÁGUAS CLARAS                                                                                                              ","200","171 ","","190122","15 .451.6210.1110.0031","449051","250000"
"JÚLIO CÉSAR","2017/01/27 00:00:00","2017","16101","SECRETARIA  DE ESTADO DE CULTURA DO DISTRITO FEDER","APOIO A EVENTOS-APOIO A EVENTOS NAS REGIÕES ADMINISTRATIVAS DO DISTRITO FEDERAL-DISTRITO FEDERAL","539","171 ","","190123","27 .392.6219.4090.0016","339039","250000"
"JÚLIO CÉSAR","2017/01/27 00:00:00","2017","59123","ADMINISTRAÇÃO REGIONAL DO RIACHO FUNDO II - RA XXI","CONSERVAÇÃO DAS ESTRUTURAS FÍSICAS DE EDIFICAÇÕES PÚBLICAS-CONSERVAÇÃO DAS ESTRUTURAS FÍSICAS DE EDIFICAÇÕES PÚBLICAS-DISTRITO FEDERAL                                                                                                                    ","33021","171 ","","190123","04 .122.6001.2396.0001","339030","250000"
"JÚLIO CÉSAR","2017/01/27 00:00:00","2017","59123","ADMINISTRAÇÃO REGIONAL DO RIACHO FUNDO II - RA XXI","REALIZAÇÃO DE EVENTOS-REALIZAÇÃO DE EVENTOS CULTURAIS-DISTRITO FEDERAL                                                                                                                                                                                    ","3021","171 ","","190123","13 .392.6206.3678.0044","339039","250000"
"JÚLIO CÉSAR","2017/01/27 00:00:00","2017","59123","ADMINISTRAÇÃO REGIONAL DO RIACHO FUNDO II - RA XXI","EXECUÇÃO DE OBRAS DE URBANIZAÇÃO-REALIZAÇÃO DE OBRAS DE INFRA-ESTRUTURA E URBANIZAÇÃO NA REGIÃO ADMINISTRATIVA RIACHO FUNDO II- RIACHO FUNDO II                                                                                                           ","192","171 ","","190123","15 .451.6210.1110.0034","449051","250000"
"JÚLIO CÉSAR","2017/01/27 00:00:00","2017","59123","ADMINISTRAÇÃO REGIONAL DO RIACHO FUNDO II - RA XXI","AMPLIAÇÃO DA REDE DE ILUMINAÇÃO PÚBLICA-- RIACHO FUNDO II                                                                                                                                                                                                 ","1074","171 ","","190123","25 .451.6216.1763.0013","449051","250000"
"JÚLIO CÉSAR","2017/01/27 00:00:00","2017","59123","ADMINISTRAÇÃO REGIONAL DO RIACHO FUNDO II - RA XXI","APOIO A EVENTOS-- RIACHO FUNDO II                                                                                                                                                                                                                         ","1073","171 ","","190123","27 .812.6206.4090.0047","339039","250000"
"JÚLIO CÉSAR","2017/01/27 00:00:00","2017","59127","ADMINISTRAÇÃO REGIONAL DO SETOR COMPLEMENTAR DE IN","EXECUÇÃO DE OBRAS DE URBANIZAÇÃO-REALIZAÇÃO DE OBRAS DE INFRA-ESTRUTURA E URBANIZAÇÃO NA REGIÃO ADMINISTRATIVA DA ESTRUTURAL- SETOR COMPL. DE IND. E ABASTECIMENTO                                                                                        ","188","171 ","","190127","15 .451.6210.1110.0043","449051","250000"
"JÚLIO CÉSAR","2017/01/27 00:00:00","2017","59128","ADMINISTRAÇÃO REGIONAL DE SOBRADINHO II - RA XXVI ","EXECUÇÃO DE OBRAS DE URBANIZAÇÃO-REALIZAÇÃO DE OBRAS DE INFRA-ESTRUTURA E URBANIZAÇÃO NA REGIÃO ADMINISTRATIVA DE SOBRADINHO II-  SOBRADINHO II                                                                                                           ","196","171 ","","190128","15 .451.6210.1110.0046","449051","250000"
"JÚLIO CÉSAR","2017/01/27 00:00:00","2017","59129","ADMINISTRAÇÃO REGIONAL DO JARDIM BOTÂNICO - RA XXV","EXECUÇÃO DE OBRAS DE URBANIZAÇÃO-REALIZAÇÃO DE OBRAS DE INFRA-ESTRUTURA E URBANIZAÇÃO NA REGIÃO ADMINISTRATIVA DO JARDIM BOTÂNICO- JARDIM BOTÂNICO                                                                                                        ","194","171 ","","190129","15 .451.6210.1110.0048","449051","250000"
"JÚLIO CÉSAR","2017/01/27 00:00:00","2017","22201","COMPANHIA URBANIZADORA DA NOVA CAPITAL DO BRASIL -","CONSTRUÇÃO DE ESPAÇO CULTURAL-CASA DE CULTURA DE- PLANALTINA                                                                                                                                                                                              ","9009","171 ","","190201","15 .392.6219.5968.0004","449051","250000"
"JÚLIO CÉSAR","2017/01/27 00:00:00","2017","22201","COMPANHIA URBANIZADORA DA NOVA CAPITAL DO BRASIL -","CONSTRUÇÃO DE ESPAÇO CULTURAL-CASA DE CULTURA DE- PLANALTINA                                                                                                                                                                                              ","9009","171 ","","190201","15 .392.6219.5968.0004","449052","250000"
"JÚLIO CÉSAR","2017/01/27 00:00:00","2017","22201","COMPANHIA URBANIZADORA DA NOVA CAPITAL DO BRASIL -","CONSTRUÇÃO DE PRAÇAS PÚBLICAS E PARQUES- IMPLANTAÇÃO DA PRAÇA DO AREAL-DISTRITO FEDERAL                                                                                                                                                                   ","182","171 ","","190201","15 .451.6206.1950.0005","449051","250000"
"JÚLIO CÉSAR","2017/01/27 00:00:00","2017","22201","COMPANHIA URBANIZADORA DA NOVA CAPITAL DO BRASIL -","CONSTRUÇÃO DE PRAÇAS PÚBLICAS E PARQUES- CONSTRUÇÃO DE PARQUES INFANTIS DO DISTRITO FEDERAL-DISTRITO FEDERAL                                                                                                                                              ","179","171 ","","190201","15 .451.6206.1950.0006","449051","250000"
"JÚLIO CÉSAR","2017/01/27 00:00:00","2017","22201","COMPANHIA URBANIZADORA DA NOVA CAPITAL DO BRASIL -","REFORMA DE QUADRAS DE ESPORTES- IMPLANTAÇÃO DE COBERTURA E REFORMA DE QUADRAS DE ESPORTE-DISTRITO FEDERAL                                                                                                                                                 ","180","171 ","","190201","15 .451.6206.3440.0004","449051","250000"
"JÚLIO CÉSAR","2017/01/27 00:00:00","2017","22201","COMPANHIA URBANIZADORA DA NOVA CAPITAL DO BRASIL -","IMPLANTAÇÃO DE INFRA-ESTRUTURA ESPORTIVA- IMPLANTAÇÃO DE PECS NO DF-DISTRITO FEDERAL                                                                                                                                                                      ","178","171 ","","190201","15 .451.6206.3596.0004","449051","250000"
"JÚLIO CÉSAR","2017/01/27 00:00:00","2017","22201","COMPANHIA URBANIZADORA DA NOVA CAPITAL DO BRASIL -","CONSTRUÇÃO DE FEIRAS- IMPLANTAÇÃO DA FEIRA DO RIACHO FUNDO II- RIACHO FUNDO II                                                                                                                                                                            ","175","171 ","","190201","15 .451.6207.1302.0002","449051","250000"
"JÚLIO CÉSAR","2017/01/27 00:00:00","2017","22201","COMPANHIA URBANIZADORA DA NOVA CAPITAL DO BRASIL -","CONSTRUÇÃO DE FEIRAS-IMPLANTAÇÃO DA FEIRA DO RIACHO FUNDO II-DISTRITO FEDERAL                                                                                                                                                                             ","1177","171 ","","190201","15 .451.6207.1302.0003","449051","250000"
"JÚLIO CÉSAR","2017/01/27 00:00:00","2017","22201","COMPANHIA URBANIZADORA DA NOVA CAPITAL DO BRASIL -","REFORMA DE FEIRAS- REFORMA DE FEIRA DA REGIÃO ADMINISTRATIVA DE SANTA MARIA- SANTA MARIA                                                                                                                                                                  ","181","171 ","","190201","15 .451.6207.3247.0001","449051","250000"
"JÚLIO CÉSAR","2017/01/27 00:00:00","2017","22201","COMPANHIA URBANIZADORA DA NOVA CAPITAL DO BRASIL -","EXECUÇÃO DE OBRAS DE URBANIZAÇÃO-REALIZAÇÃO DE OBRAS DE INFRA-ESTRUTURA E URBANIZAÇÃO NAS REGIÕES ADMINISTRATIVAS DO DISTRITO FEDERAL-DISTRITO FEDERAL","184","171 ","","190201","15 .451.6210.1110.0065","449051","250000"
"JÚLIO CÉSAR","2017/01/27 00:00:00","2017","22201","COMPANHIA URBANIZADORA DA NOVA CAPITAL DO BRASIL -","EXECUÇÃO DE OBRAS DE URBANIZAÇÃO-REALIZAÇÃO DE OBRAS DE INFRAESTRUTURA E URBANIZAÇÃO NAS REGIÕES ADMINISTRATIVAS DO-DISTRITO FEDERAL                                                                                                                      ","9017","171 ","","190201","15 .451.6210.1110.0171","449051","250000"
"JÚLIO CÉSAR","2017/01/27 00:00:00","2017","22201","COMPANHIA URBANIZADORA DA NOVA CAPITAL DO BRASIL -","CONSTRUÇÃO DE CENTRO DE CONVIVÊNCIA DE IDOSOS- CCI - VARJÃO- VARJÃO                                                                                                                                                                                       ","187","171 ","","190201","15 .451.6228.7294.0001","449051","250000"
"JÚLIO CÉSAR","2017/01/27 00:00:00","2017","22201","COMPANHIA URBANIZADORA DA NOVA CAPITAL DO BRASIL -","AMPLIAÇÃO DOS PONTOS DE ILUMINAÇÃO PÚBLICA- EM PRAÇAS E QUADRAS DE ESPORTE - RIACHO FUNDO II- RIACHO FUNDO II                                                                                                                                             ","176","171 ","","190201","15 .752.6210.1836.0010","449051","250000"
"JÚLIO CÉSAR","2017/01/27 00:00:00","2017","22201","COMPANHIA URBANIZADORA DA NOVA CAPITAL DO BRASIL -","AMPLIAÇÃO DOS PONTOS DE ILUMINAÇÃO PÚBLICA- EM PRAÇAS E QUADRAS DE ESPORTE - SAMAMBAIAI- SAMAMBAIA                                                                                                                                                        ","177","171 ","","190201","15 .752.6210.1836.0011","449051","250000"
"JÚLIO CÉSAR","2017/01/27 00:00:00","2017","34101","SECRETARIA DE ESTADO DE ESPORTE, TURISMO E LAZER D","MANUTENÇÃO DE CENTROS ESPORTIVOS-CENTROS OLÍMPICOS E PARAOLÍMPICOS-DISTRITO FEDERAL                                                                                                                                                                       ","5127","171 ","","190201","27 .812.6206.4035.0001","339039","250000"
"JÚLIO CÉSAR","2017/01/27 00:00:00","2017","59114","ADMINISTRAÇÃO REGIONAL DE SAMAMBAIA - RA XII      ","EXECUÇÃO DE OBRAS DE URBANIZAÇÃO-REALIZAÇÃO DE OBRAS DE INFRA-ESTRUTURA E URBANIZAÇÃO NA REGIÃO ADMINISTRATIVA DE SAMAMBAIA- SAMAMBAIA                                                                                                                    ","543","171 ","","190201","15 .451.6210.1110.0010","449051","250000"
"JÚLIO CÉSAR","2017/01/27 00:00:00","2017","16101","SECRETARIA  DE ESTADO DE CULTURA DO DISTRITO FEDER","REALIZAÇÃO DE EVENTOS-QUILOMBO NAS ESCOLAS-DISTRITO FEDERAL                                                                                                                                                                                               ","1112","171 ","","230101","13 .392.6219.3678.0031","335039","250000"
"JÚLIO CÉSAR","2017/01/27 00:00:00","2017","16101","SECRETARIA  DE ESTADO DE CULTURA DO DISTRITO FEDER","REALIZAÇÃO DE EVENTOS-QUILOMBO NAS ESCOLAS-DISTRITO FEDERAL                                                                                                                                                                                               ","1112","171 ","","230101","13 .392.6219.3678.0031","335041","250000"
"JÚLIO CÉSAR","2017/01/27 00:00:00","2017","16101","SECRETARIA  DE ESTADO DE CULTURA DO DISTRITO FEDER","REALIZAÇÃO DE EVENTOS-2º ENCONTRO SÓCIO CULTURAL DE ENFRENTAMENTO E COMBATE ÀS DROGAS-DISTRITO FEDERAL                                                                                                                                                    ","1115","171 ","","230101","13 .392.6219.3678.0033","335039","250000"
"JÚLIO CÉSAR","2017/01/27 00:00:00","2017","16101","SECRETARIA  DE ESTADO DE CULTURA DO DISTRITO FEDER","REALIZAÇÃO DE EVENTOS-EDUCAR CAPOEIRA-DISTRITO FEDERAL                                                                                                                                                                                                    ","1113","171 ","","230101","13 .392.6219.3678.0042","335039","250000"
"JÚLIO CÉSAR","2017/01/27 00:00:00","2017","16101","SECRETARIA  DE ESTADO DE CULTURA DO DISTRITO FEDER","REALIZAÇÃO DE EVENTOS-EDUCAR CAPOEIRA-DISTRITO FEDERAL                                                                                                                                                                                                    ","9011","171 ","","230101","13 .392.6219.3678.0063","335039","250000"
"JÚLIO CÉSAR","2017/01/27 00:00:00","2017","16101","SECRETARIA  DE ESTADO DE CULTURA DO DISTRITO FEDER","APOIO A EVENTOS-NAS REGIÕES ADMINISTRATIVAS DO-DISTRITO FEDERAL                                                                                                                                                                                           ","1146","171 ","","230101","13 .392.6219.4090.0044","339039","250000"
"JÚLIO CÉSAR","2017/01/27 00:00:00","2017","16101","SECRETARIA  DE ESTADO DE CULTURA DO DISTRITO FEDER","APOIO A EVENTOS-NAS REGIÕES ADMINISTRATIVAS DO-DISTRITO FEDERAL                                                                                                                                                                                           ","5057","171 ","","230101","13 .392.6219.4090.0058","339039","250000"
"JÚLIO CÉSAR","2017/01/27 00:00:00","2017","16101","SECRETARIA  DE ESTADO DE CULTURA DO DISTRITO FEDER","APOIO A PROJETOS--DISTRITO FEDERAL                                                                                                                                                                                                                        ","191","171 ","","230101","13 .392.6219.4091.0001","339039","250000"
"JÚLIO CÉSAR","2017/01/27 00:00:00","2017","16101","SECRETARIA  DE ESTADO DE CULTURA DO DISTRITO FEDER","APOIO A EVENTOS-APOIO A EVENTOS NAS REGIÕES ADMINISTRATIVAS DO DISTRITO FEDERAL-DISTRITO FEDERAL","539","171 ","","230101","27 .392.6219.4090.0016","339039","250000"
"JÚLIO CÉSAR","2017/01/27 00:00:00","2017","59114","ADMINISTRAÇÃO REGIONAL DE SAMAMBAIA - RA XII      ","AMPLIAÇÃO DA REDE DE ILUMINAÇÃO PÚBLICA-AMPLIAÇÃO DA REDE DE ILUMINAÇÃO PUBLICA- SAMAMBAIA                                                                                                                                                                ","1114","171 ","","280209","15 .752.6216.1763.0008","449051","250000"
"JÚLIO CÉSAR","2017/01/27 00:00:00","2017","34101","SECRETARIA DE ESTADO DE ESPORTE, TURISMO E LAZER D","APOIO AO COMPETE BRASÍLIA-APOIO A PROJETOS - COMPETE BRASÍLIA-DISTRITO FEDERAL                                                                                                                                                                            ","542","171 ","","340101","27 .812.6206.2631.0001","339033","250000"
"JÚLIO CÉSAR","2017/01/27 00:00:00","2017","34101","SECRETARIA DE ESTADO DE ESPORTE, TURISMO E LAZER D","APOIO AO COMPETE BRASÍLIA-APOIO A PROJETOS - COMPETE BRASÍLIA-DISTRITO FEDERAL                                                                                                                                                                            ","542","171 ","","340101","27 .812.6206.2631.0001","339039","250000"
"JÚLIO CÉSAR","2017/01/27 00:00:00","2017","34101","SECRETARIA DE ESTADO DE ESPORTE, TURISMO E LAZER D","REFORMA DE ESPAÇOS ESPORTIVOS-NO DISTRITO FEDERAL-DISTRITO FEDERAL                                                                                                                                                                                        ","173","171 ","","340101","27 .812.6206.3048.0004","449051","250000"
"JÚLIO CÉSAR","2017/01/27 00:00:00","2017","34101","SECRETARIA DE ESTADO DE ESPORTE, TURISMO E LAZER D","REALIZAÇÃO DE EVENTOS-CIRCUITO DE LAZER NAS REGIÕES ADMINISTRATIVAS DO DISTRITO FEDEDERAL-DISTRITO FEDERAL                                                                                                                                                ","171","171 ","","340101","27 .812.6206.3678.0009","339039","250000"
"JÚLIO CÉSAR","2017/01/27 00:00:00","2017","34101","SECRETARIA DE ESTADO DE ESPORTE, TURISMO E LAZER D","MANUTENÇÃO DE CENTROS ESPORTIVOS-CENTROS OLÍMPICOS E PARAOLÍMPICOS-DISTRITO FEDERAL                                                                                                                                                                       ","5127","171 ","","340101","27 .812.6206.4035.0001","335039","250000"
"JÚLIO CÉSAR","2017/01/27 00:00:00","2017","34101","SECRETARIA DE ESTADO DE ESPORTE, TURISMO E LAZER D","MANUTENÇÃO DE CENTROS ESPORTIVOS-CENTROS OLÍMPICOS E PARAOLÍMPICOS-DISTRITO FEDERAL                                                                                                                                                                       ","5127","171 ","","340101","27 .812.6206.4035.0001","335041","250000"
"JÚLIO CÉSAR","2017/01/27 00:00:00","2017","34101","SECRETARIA DE ESTADO DE ESPORTE, TURISMO E LAZER D","MANUTENÇÃO DE CENTROS ESPORTIVOS-CENTROS OLÍMPICOS E PARAOLÍMPICOS-DISTRITO FEDERAL                                                                                                                                                                       ","5127","171 ","","340101","27 .812.6206.4035.0001","339030","250000"
"JÚLIO CÉSAR","2017/01/27 00:00:00","2017","34101","SECRETARIA DE ESTADO DE ESPORTE, TURISMO E LAZER D","MANUTENÇÃO DE CENTROS ESPORTIVOS-CENTROS OLÍMPICOS E PARAOLÍMPICOS-DISTRITO FEDERAL                                                                                                                                                                       ","5127","171 ","","340101","27 .812.6206.4035.0001","339039","250000"
"JÚLIO CÉSAR","2017/01/27 00:00:00","2017","34101","SECRETARIA DE ESTADO DE ESPORTE, TURISMO E LAZER D","MANUTENÇÃO DE CENTROS ESPORTIVOS-CENTROS OLÍMPICOS E PARAOLÍMPICOS-DISTRITO FEDERAL                                                                                                                                                                       ","5127","171 ","","340101","27 .812.6206.4035.0001","339092","250000"
"JÚLIO CÉSAR","2017/01/27 00:00:00","2017","34101","SECRETARIA DE ESTADO DE ESPORTE, TURISMO E LAZER D","MANUTENÇÃO DE CENTROS ESPORTIVOS-CENTROS OLÍMPICOS E PARAOLÍMPICOS-DISTRITO FEDERAL                                                                                                                                                                       ","5127","171 ","","340101","27 .812.6206.4035.0001","449052","250000"
"JÚLIO CÉSAR","2017/01/27 00:00:00","2017","34101","SECRETARIA DE ESTADO DE ESPORTE, TURISMO E LAZER D","MANUTENÇÃO DE CENTROS ESPORTIVOS-MANUTENÇÃO DE CENTROS ESPORTIVOS - CENTROS OLÍMPICOS E PARAOLÍMPICOS-DISTRITO FEDERAL                                                                                                                                    ","5058","171 ","","340101","27 .812.6206.4035.0002","339039","250000"
"JÚLIO CÉSAR","2017/01/27 00:00:00","2017","34101","SECRETARIA DE ESTADO DE ESPORTE, TURISMO E LAZER D","APOIO A EVENTOS-ESPORTIVOS NAS REGIÕES ADMINISTRATIVAS DO-DISTRITO FEDERAL                                                                                                                                                                                ","1077","171 ","","340101","27 .812.6206.4090.0037","339039","250000"
"JÚLIO CÉSAR","2017/01/27 00:00:00","2017","34101","SECRETARIA DE ESTADO DE ESPORTE, TURISMO E LAZER D","APOIO A PROJETOS- BOLEIROS-DISTRITO FEDERAL                                                                                                                                                                                                               ","172","171 ","","340101","27 .812.6206.4091.0006","339039","250000"
"JÚLIO CÉSAR","2017/01/27 00:00:00","2017","48101","DEFENSORIA PÚBLICA DO DISTRITO FEDERAL            ","CONCESSÃO DE BOLSA ESTÁGIO-DEFENSORIA PÚBLICA DO DISTRITO FEDERAL-DISTRITO FEDERAL                                                                                                                                                                        ","538","171 ","","480101","14 .422.6002.2422.0001","339039","250000"
"Parlamentar","Data Desbloqueio","Mês/Ano Desbloqueio","Ano de Exercicio","Unidade Orcamentaria Cod","Unidade Orcamentaria Desc","SubTítulo","Código da Emenda","Número Ofício","Nota Dotação","Ds Observação","Código Unidade Gestora","Código Programa Trabalho","Código Natureza Despesa","Valor Alteração","Valor Empenhado","Valor Bloqueado","Valor Liquidado","Valor Disponível","Valor Lei","Vl Desbloqueado","Vl Solicitado","Valor da Emenda"
"CLÁUDIO ABRANTES","2017/01/20 00:00:00","01/2017","2017","18101","SECRETARIA DE ESTADO DE  EDUCAÇÃO DO DISTRITO FEDE","CONSTRUÇÃO DE PRÉDIOS E PRÓPRIOS-CONSTRUÇÃO DO MUSEU DA EDUCAÇÃO NA CANDANGOLANDIA-REGIÃO XIX - CANDANGOLÂNDIA","466","s/n","284 ","","160101","12 .122.6002.1984.0005","449051","-200000","0","0","0","0","200000","300000","300000","100000"
"CLÁUDIO ABRANTES","2017/01/20 00:00:00","01/2017","2017","18101","SECRETARIA DE ESTADO DE  EDUCAÇÃO DO DISTRITO FEDE","DESCENTRALIZAÇÃO DE RECURSOS FINANCEIROS PARA AS ESCOLAS- DA REGIÃO NORTE DO DISTRITO FEDERAL- REGIÃO NORTE                                                                                                                                               ","469","s/n","284 ","","160101","12 .122.6221.2387.0001","335043","-200000","500000","0","500000","0","700000","300000","300000",""
"CLÁUDIO ABRANTES","2017/01/20 00:00:00","01/2017","2017","18101","SECRETARIA DE ESTADO DE  EDUCAÇÃO DO DISTRITO FEDE","DESCENTRALIZAÇÃO DE RECURSOS FINANCEIROS PARA AS ESCOLAS-SE-DISTRITO FEDERAL                                                                                                                                                                              ","5053","s/n","284 ","","160101","12 .122.6221.2387.0055","335043","200000","0","200000","0","0","0","300000","300000",""
"CLÁUDIO ABRANTES","2017/01/20 00:00:00","01/2017","2017","18101","SECRETARIA DE ESTADO DE  EDUCAÇÃO DO DISTRITO FEDE","MODERNIZAÇÃO DE SISTEMA DE INFORMAÇÃO- INTERNET NAS ESCOLAS-DISTRITO FEDERAL                                                                                                                                                                              ","468","s/n","284 ","","160101","12 .126.6221.1471.0002","339039","-500000","0","0","0","0","500000","300000","300000",""
"CLÁUDIO ABRANTES","2017/01/20 00:00:00","01/2017","2017","18101","SECRETARIA DE ESTADO DE  EDUCAÇÃO DO DISTRITO FEDE","CONSTRUÇÃO DE UNIDADE DE ENSINO-CONTRUÇÃO DE UNIDADE DE ENSINO DA EDUCAÇÃO INFANTIL-REGIÃO VI - PLANALTINA","467","s/n","284 ","","160101","12 .365.6221.5023.0004","449051","0","0","1000000","0","0","1000000","300000","300000",""
"CLÁUDIO ABRANTES","2017/01/20 00:00:00","01/2017","2017","34101","SECRETARIA DE ESTADO DE ESPORTE, TURISMO E LAZER D","REALIZAÇÃO DE EVENTOS- PARA PROMOÇÃO DE LAZER EM TODO O DF-DISTRITO FEDERAL                                                                                                                                                                               ","478","s/n","284 ","","190107","27 .812.6206.3678.0013","339039","0","0","0","0","0","0","300000","300000",""
"CLÁUDIO ABRANTES","2017/01/20 00:00:00","01/2017","2017","59108","ADMINISTRAÇÃO REGIONAL DE PLANALTINA - RA VI      ","REALIZAÇÃO DE EVENTOS-APOIO À REALIZAÇÃO DA FESTA DO DIVINO DE PLANALTINA- PLANALTINA                                                                                                                                                                     ","475","s/n","284 ","","190108","13 .392.6219.3678.0019","339039","-250000","0","0","0","0","250000","300000","300000",""
"CLÁUDIO ABRANTES","2017/01/20 00:00:00","01/2017","2017","16101","SECRETARIA  DE ESTADO DE CULTURA DO DISTRITO FEDER","REALIZAÇÃO DE EVENTOS-APOIO À REALIZAÇÃO DA PAIXÃO DO CRISTO NEGRO-DISTRITO FEDERAL","465","s/n","284 ","","190114","13 .392.6219.3678.0020","339039","0","0","0","0","0","0","300000","300000",""
"CLÁUDIO ABRANTES","2017/01/20 00:00:00","01/2017","2017","22201","COMPANHIA URBANIZADORA DA NOVA CAPITAL DO BRASIL -","CONSTRUÇÃO DE ESPAÇO CULTURAL-CASA DA CULTURA DE- PLANALTINA                                                                                                                                                                                              ","4023","s/n","284 ","","190201","15 .392.6219.5968.0002","449051","500000","500000","0","499076,55","0","0","300000","300000","1000000"
"CLÁUDIO ABRANTES","2017/01/20 00:00:00","01/2017","2017","22201","COMPANHIA URBANIZADORA DA NOVA CAPITAL DO BRASIL -","EXECUÇÃO DE OBRAS DE URBANIZAÇÃO-CONSTRUÇÃO DE UNIDADES BÁSICAS DE SAÚDE-DISTRITO FEDERAL","582","s/n","284 ","","190201","15 .451.6210.1110.0002","449051","-930000","0","200000","0","0","1130000","300000","300000",""
"CLÁUDIO ABRANTES","2017/01/20 00:00:00","01/2017","2017","22201","COMPANHIA URBANIZADORA DA NOVA CAPITAL DO BRASIL -","EXECUÇÃO DE OBRAS DE URBANIZAÇÃO-CONSTRUÇÃO DE UNIDADE BÁSICA DE SAÚDE EM PLANALTINA-REGIÃO VI - PLANALTINA","583","s/n","284 ","","190201","15 .451.6210.1110.0003","449051","330000","0","4330000","0","0","4000000","300000","300000",""
"CLÁUDIO ABRANTES","2017/01/20 00:00:00","01/2017","2017","22201","COMPANHIA URBANIZADORA DA NOVA CAPITAL DO BRASIL -","EXECUÇÃO DE OBRAS DE URBANIZAÇÃO- EM TODAS AS REGIOES ADMINISTRATIVAS-DISTRITO FEDERAL                                                                                                                                                                    ","470","s/n","284 ","","190201","15 .451.6210.1110.0076","449051","0","300000","475000","0","25000","800000","300000","300000",""
"CLÁUDIO ABRANTES","2017/01/20 00:00:00","01/2017","2017","22201","COMPANHIA URBANIZADORA DA NOVA CAPITAL DO BRASIL -","ELABORAÇÃO DE PROJETOS-REFORMA E AMPLIAÇÃO DO HOSPITAL REGIONAL DE PLANALTINA-REGIÃO VI - PLANALTINA","481","s/n","284 ","","190201","15 .451.6210.1968.0007","449051","0","0","3000000","0","0","3000000","300000","300000",""
"CLÁUDIO ABRANTES","2017/01/20 00:00:00","01/2017","2017","22201","COMPANHIA URBANIZADORA DA NOVA CAPITAL DO BRASIL -","AMPLIAÇÃO DOS PONTOS DE ILUMINAÇÃO PÚBLICA- EM NOVA PETRÓPOLIS- SOBRADINHO                                                                                                                                                                                ","473","s/n","284 ","","190201","15 .752.6210.1836.0013","449051","0","0","120000","0","0","120000","300000","300000",""
"CLÁUDIO ABRANTES","2017/01/20 00:00:00","01/2017","2017","22201","COMPANHIA URBANIZADORA DA NOVA CAPITAL DO BRASIL -","AMPLIAÇÃO DOS PONTOS DE ILUMINAÇÃO PÚBLICA- NA DF-440- SOBRADINHO                                                                                                                                                                                         ","474","s/n","284 ","","190201","15 .752.6210.1836.0014","449051","-400000","0","0","0","0","400000","300000","300000",""
"CLÁUDIO ABRANTES","2017/01/20 00:00:00","01/2017","2017","22201","COMPANHIA URBANIZADORA DA NOVA CAPITAL DO BRASIL -","REFORMA DE QUADRAS DE ESPORTES-IMPLANTAÇÃO DE COBERTURA E REFORMA DE QUADRAS DE ESPORTE-DISTRITO FEDERAL","471","s/n","284 ","","190201","27 .812.6206.3440.0009","449051","0","0","1500000","0","0","1500000","300000","300000",""
"CLÁUDIO ABRANTES","2017/01/20 00:00:00","01/2017","2017","22201","COMPANHIA URBANIZADORA DA NOVA CAPITAL DO BRASIL -","IMPLANTAÇÃO DE INFRA-ESTRUTURA ESPORTIVA-CONSTRUÇÃO DA VILA OLIMPICA DE PLANALTINA-REGIÃO VI - PLANALTINA","472","s/n","284 ","","190201","27 .812.6206.3596.0001","449051","0","300000","0","300000","0","300000","300000","300000",""
"CLÁUDIO ABRANTES","2017/01/20 00:00:00","01/2017","2017","14101","SECRETARIA DE  ESTADO DA AGRICULTURA, ABASTECIMENT","MANUTENÇÃO DA INFRAESTRUTURA DO SETOR AGROPECU-MODERNIZAÇÃO E MELHORIA DA INFRAESTRUTURA DA SEAGRI-DISTRITO FEDERAL","482","s/n","284 ","","210101","15 .451.6207.4119.0001","449051","-1360000","0","140000","0","0","1500000","300000","300000",""
"CLÁUDIO ABRANTES","2017/01/20 00:00:00","01/2017","2017","14101","SECRETARIA DE  ESTADO DA AGRICULTURA, ABASTECIMENT","MANUTENÇÃO DA INFRAESTRUTURA DO SETOR AGROPECU-MODERNIZAÇÃO E MELHORIA DA INFRAESTRUTURA DA SEAGRI-DISTRITO FEDERAL","482","s/n","284 ","","210101","15 .451.6207.4119.0001","449052","1200000","1171427,5","0","709427,5","28572,5","0","300000","300000",""
"CLÁUDIO ABRANTES","2017/01/20 00:00:00","01/2017","2017","14101","SECRETARIA DE  ESTADO DA AGRICULTURA, ABASTECIMENT","APOIO A EVENTOS-APOIO AO EVENTO BRASILIA AGROECOLÓGICA 2017"" - ESPAÇO FÍSICO E ESTRUTURA DE APOIO, INFRAESTRUTURA DE ALOJAMENTO DOS AGRICULTORES""-DISTRITO FEDERAL","1036","s/n","284 ","","210101","20 .606.6210.4090.0014","339039","-60000","0","0","0","0","60000","300000","300000",""
"CLÁUDIO ABRANTES","2017/01/20 00:00:00","01/2017","2017","14101","SECRETARIA DE  ESTADO DA AGRICULTURA, ABASTECIMENT","APOIO A EVENTOS-APOIO AO EVENTO BRASILIA AGROECOLÓGICA 2017"" - ESPAÇO FÍSICO E ESTRUTURA DE APOIO, INFRAESTRUTURA DE ALOJAMENTO DOS AGRICULTORES""-DISTRITO FEDERAL","1036","s/n","284 ","","210203","20 .606.6210.4090.0014","339039","260000","0","0","0","260000","0","300000","300000",""
"CLÁUDIO ABRANTES","2017/01/20 00:00:00","01/2017","2017","16101","SECRETARIA  DE ESTADO DE CULTURA DO DISTRITO FEDER","AQUISIÇÃO DE MATERIAL PERMANENTE PARA CASA DA CULTURA DE PLANALTINA","547","s/n","284 ","","230101","04 .122.6001.3467.0001","449052","-500000","0","0","0","0","500000","300000","300000",""
"CLÁUDIO ABRANTES","2017/01/20 00:00:00","01/2017","2017","16101","SECRETARIA  DE ESTADO DE CULTURA DO DISTRITO FEDER","REALIZAÇÃO DE EVENTOS-APOIO A PROJETOS, ATIVIDADES E EVENTOS CULTURAIS-DISTRITO FEDERAL","461","s/n","284 ","","230101","13 .392.6219.3678.0002","335039","-559719","0","40281","0","0","600000","300000","300000",""
"CLÁUDIO ABRANTES","2017/01/20 00:00:00","01/2017","2017","16101","SECRETARIA  DE ESTADO DE CULTURA DO DISTRITO FEDER","REALIZAÇÃO DE EVENTOS-APOIO A PROJETOS, ATIVIDADES E EVENTOS CULTURAIS-DISTRITO FEDERAL","461","s/n","284 ","","230101","13 .392.6219.3678.0002","335041","1909720","628093,43","55000","628093,43","1226626,57","0","300000","300000",""
"CLÁUDIO ABRANTES","2017/01/20 00:00:00","01/2017","2017","16101","SECRETARIA  DE ESTADO DE CULTURA DO DISTRITO FEDER","REALIZAÇÃO DE EVENTOS-APOIO A PROJETOS, ATIVIDADES E EVENTOS CULTURAIS-DISTRITO FEDERAL","461","s/n","284 ","","230101","13 .392.6219.3678.0002","339039","-200000","0","0","0","0","200000","300000","300000",""
"CLÁUDIO ABRANTES","2017/01/20 00:00:00","01/2017","2017","16101","SECRETARIA  DE ESTADO DE CULTURA DO DISTRITO FEDER","REALIZAÇÃO DE EVENTOS-APOIO A REALIZAÇÃO DA VIA SACRA AO VIVO DE PLANALTINA-REGIÃO VI - PLANALTINA","463","s/n","284 ","","230101","13 .392.6219.3678.0005","335039","-400000","0","0","0","0","400000","300000","300000",""
"CLÁUDIO ABRANTES","2017/01/20 00:00:00","01/2017","2017","16101","SECRETARIA  DE ESTADO DE CULTURA DO DISTRITO FEDER","REALIZAÇÃO DE EVENTOS-APOIO A REALIZAÇÃO DA VIA SACRA AO VIVO DE PLANALTINA-REGIÃO VI - PLANALTINA","463","s/n","284 ","","230101","13 .392.6219.3678.0005","335041","400000","400000","0","400000","0","0","300000","300000",""
"CLÁUDIO ABRANTES","2017/01/20 00:00:00","01/2017","2017","16101","SECRETARIA  DE ESTADO DE CULTURA DO DISTRITO FEDER","REALIZAÇÃO DE EVENTOS-APOIO À REALIZAÇÃO DA PAIXÃO DO CRISTO NEGRO-DISTRITO FEDERAL","465","s/n","284 ","","230101","13 .392.6219.3678.0020","339039","-50000","0","0","0","0","50000","300000","300000",""
"CLÁUDIO ABRANTES","2017/01/20 00:00:00","01/2017","2017","16101","SECRETARIA  DE ESTADO DE CULTURA DO DISTRITO FEDER","APOIO A EVENTOS-APOIO À REALIZAÇÃO DA VIA SACRA DOS SURDOS-DISTRITO FEDERAL","540","s/n","284 ","","230101","13 .392.6219.4090.0028","339039","-150000","0","0","0","0","150000","300000","300000",""
"CLÁUDIO ABRANTES","2017/01/20 00:00:00","01/2017","2017","16101","SECRETARIA  DE ESTADO DE CULTURA DO DISTRITO FEDER","APOIO A EVENTOS-APOIO AO PROJETO DA REVISTA TRAÇOS-DISTRITO FEDERAL                                                                                                                                                                                       ","5106","s/n","284 ","","230101","13 .392.6219.4090.0066","335041","300000","0","300000","0","0","0","300000","300000",""
"CLÁUDIO ABRANTES","2017/01/20 00:00:00","01/2017","2017","25101","SECRETARIA DE ESTADO DE TRABALHO, DESENVOLVIMENTO ","APOIO A EVENTOS-APOIO A AÇÕES DE ASSISTÊNCIA E ACOMPANHAMENTO SOCIAL DO PROJETO DA REVISTA TRAÇOS-DISTRITO FEDERAL                                                                                                                                        ","1031","s/n","284 ","","250101","08 .244.6219.4090.0033","335039","0","0","0","0","0","0","300000","300000",""
"CLÁUDIO ABRANTES","2017/01/20 00:00:00","01/2017","2017","25101","SECRETARIA DE ESTADO DE TRABALHO, DESENVOLVIMENTO ","APOIO A EVENTOS-APOIO A ASSISTÊNCIA E ACOMPANHAMENTO SOCIAL DO PROJETO DA REVISTA TRAÇOS PELA ASSOCIAÇÃO TRAÇOS DE COMUNICAÇÃO E CULTURA-DISTRITO FEDERAL                                                                                                 ","1070","s/n","284 ","","250101","08 .244.6219.4090.0045","335039","300000","0","300000","0","0","0","300000","300000",""
"CLÁUDIO ABRANTES","2017/01/20 00:00:00","01/2017","2017","16101","SECRETARIA  DE ESTADO DE CULTURA DO DISTRITO FEDER","APOIO A EVENTOS-APOIO À REALIZAÇÃO DA VIA SACRA DOS SURDOS-DISTRITO FEDERAL","540","s/n","284 ","","340101","13 .392.6219.4090.0028","339039","150000","40826,77","0","40826,77","109173,23","0","300000","300000",""
"CLÁUDIO ABRANTES","2017/01/20 00:00:00","01/2017","2017","34101","SECRETARIA DE ESTADO DE ESPORTE, TURISMO E LAZER D","REALIZAÇÃO DE EVENTOS- PARA PROMOÇÃO DE LAZER EM TODO O DF-DISTRITO FEDERAL                                                                                                                                                                               ","478","s/n","284 ","","340101","27 .812.6206.3678.0013","335039","-705000","0","0","0","195000","900000","300000","300000",""
"CLÁUDIO ABRANTES","2017/01/20 00:00:00","01/2017","2017","34101","SECRETARIA DE ESTADO DE ESPORTE, TURISMO E LAZER D","REALIZAÇÃO DE EVENTOS- PARA PROMOÇÃO DE LAZER EM TODO O DF-DISTRITO FEDERAL                                                                                                                                                                               ","478","s/n","284 ","","340101","27 .812.6206.3678.0013","335041","1048000","1046757,38","0","1046757,38","1242,62","0","300000","300000",""
"CLÁUDIO ABRANTES","2017/01/20 00:00:00","01/2017","2017","34101","SECRETARIA DE ESTADO DE ESPORTE, TURISMO E LAZER D","REALIZAÇÃO DE EVENTOS- PARA PROMOÇÃO DE LAZER EM TODO O DF-DISTRITO FEDERAL                                                                                                                                                                               ","478","s/n","284 ","","340101","27 .812.6206.3678.0013","339039","-343000","0","0","0","80000","423000","300000","300000",""
"CLÁUDIO ABRANTES","2017/01/20 00:00:00","01/2017","2017","59108","ADMINISTRAÇÃO REGIONAL DE PLANALTINA - RA VI      ","REALIZAÇÃO DE EVENTOS-APOIO À REALIZAÇÃO DA FESTA DO DIVINO DE PLANALTINA- PLANALTINA                                                                                                                                                                     ","475","s/n","284 ","","340101","13 .392.6219.3678.0019","339039","250000","75487,54","0","75487,54","174512,46","0","300000","300000",""
"JÚLIO CÉSAR","2017/01/27 00:00:00","01/2017","2017","18101","SECRETARIA DE ESTADO DE  EDUCAÇÃO DO DISTRITO FEDE","DESCENTRALIZAÇÃO DE RECURSOS FINANCEIROS PARA AS E-PROGRAMA DE DESCENTRALIZAÇÃO DE RECURSOS FINANCEIROS PARA AS ESCOLAS - PDAF-DISTRITO FEDERAL","169","003/2017","171 ","","160101","12 .122.6221.2387.0007","335043","0","969000","1000","969000","30000","1000000","70000","250000",""
"JÚLIO CÉSAR","2017/01/27 00:00:00","01/2017","2017","18101","SECRETARIA DE ESTADO DE  EDUCAÇÃO DO DISTRITO FEDE","DESCENTRALIZAÇÃO DE RECURSOS FINANCEIROS PARA AS ESCOLAS-SE-DISTRITO FEDERAL                                                                                                                                                                              ","4051","003/2017","171 ","","160101","12 .122.6221.2387.0033","335043","600000","0","90000","0","510000","0","70000","250000",""
"JÚLIO CÉSAR","2017/01/27 00:00:00","01/2017","2017","18101","SECRETARIA DE ESTADO DE  EDUCAÇÃO DO DISTRITO FEDE","DESCENTRALIZAÇÃO DE RECURSOS FINANCEIROS PARA AS ESCOLAS-SE-DISTRITO FEDERAL                                                                                                                                                                              ","5056","003/2017","171 ","","160101","12 .122.6221.2387.0056","335043","220000","0","220000","0","0","0","70000","250000",""
"JÚLIO CÉSAR","2017/01/27 00:00:00","01/2017","2017","18101","SECRETARIA DE ESTADO DE  EDUCAÇÃO DO DISTRITO FEDE","REFORMA DE UNIDADES DE ENSINO MÉDIO-REFORMA E AMPLIAÇÃO DO CENTRO INTERESCOLARES DE LINGUAS - CIL - QR 407 DE SAMAMBAIA-REGIÃO XII - SAMAMBAIA","183","003/2017","171 ","","160101","12 .362.6221.3237.0007","449051","-300000","0","0","0","0","300000","70000","250000",""
"JÚLIO CÉSAR","2017/01/27 00:00:00","01/2017","2017","23901","FUNDO DE SAÚDE DO DISTRITO FEDERAL                ","CONSTRUÇÃO DE UNIDADES BÁSICAS DE SAÚDE- RIACHO FUNDO II- RIACHO FUNDO II                                                                                                                                                                                 ","174","003/2017","171 ","","170901","10 .301.6202.3135.0009","449051","0","0","1700000","0","0","1700000","70000","250000",""
"JÚLIO CÉSAR","2017/01/27 00:00:00","01/2017","2017","59104","ADMINISTRAÇÃO REGIONAL DO GAMA - RA II            ","EXECUÇÃO DE OBRAS DE URBANIZAÇÃO-REALIZAÇÃO DE OBRAS DE INFRA-ESTRUTURA E URBANIZAÇÃO NA REGIÃO ADMINISTRATIVA DO GAMA-REGIÃO II - GAMA- GAMA                                                                                                             ","541","003/2017","171 ","","190104","15 .451.6210.1110.0087","449051","-420000","0","80000","0","0","500000","70000","250000",""
"JÚLIO CÉSAR","2017/01/27 00:00:00","01/2017","2017","59104","ADMINISTRAÇÃO REGIONAL DO GAMA - RA II            ","CONSTRUÇÃO DE QUADRAS DE ESPORTES-- GAMA                                                                                                                                                                                                                  ","4022","003/2017","171 ","","190104","27 .812.6206.1745.0021","449051","420000","0","0","0","420000","0","70000","250000","694940"
"JÚLIO CÉSAR","2017/01/27 00:00:00","01/2017","2017","59105","ADMINISTRAÇÃO REGIONAL DE TAGUATINGA - RA III     ","EXECUÇÃO DE OBRAS DE URBANIZAÇÃO-REALIZAÇÃO DE OBRAS DE INFRA-ESTRUTURA E URBANIZAÇÃO NA REGIÃO ADMINISTRATIVA DE TAGUATINGA- TAGUATINGA                                                                                                                  ","201","003/2017","171 ","","190105","15 .451.6210.1110.0092","449051","0","0","200000","0","0","200000","70000","250000",""
"JÚLIO CÉSAR","2017/01/27 00:00:00","01/2017","2017","59107","ADMINISTRAÇÃO REGIONAL DE SOBRADINHO - RA V       ","EXECUÇÃO DE OBRAS DE URBANIZAÇÃO-REALIZAÇÃO DE OBRAS DE INFRA-ESTRUTURA E URBANIZAÇÃO NA REGIÃO ADMINISTRATIVA DE SOBRADINHO- SOBRADINHO                                                                                                                  ","193","003/2017","171 ","","190107","15 .451.6210.1110.0098","449051","-230000","156967,06","110000","0","3032,94","500000","70000","250000",""
"JÚLIO CÉSAR","2017/01/27 00:00:00","01/2017","2017","59107","ADMINISTRAÇÃO REGIONAL DE SOBRADINHO - RA V       ","AMPLIAÇÃO DA REDE DE ILUMINAÇÃO PÚBLICA-AMPLIAÇÃO DA REDE DE ILUMINAÇÃO PUBLICA EM SOBRADINHO-DISTRITO FEDERAL                                                                                                                                            ","1176","003/2017","171 ","","190107","25 .451.6216.1763.0010","449051","30000","0","0","0","30000","0","70000","250000",""
"JÚLIO CÉSAR","2017/01/27 00:00:00","01/2017","2017","59108","ADMINISTRAÇÃO REGIONAL DE PLANALTINA - RA VI      ","EXECUÇÃO DE OBRAS DE URBANIZAÇÃO-REALIZAÇÃO DE OBRAS DE INFRA-ESTRUTURA E URBANIZAÇÃO NA REGIÃO ADMINISTRATIVA DE PLANALTINA- PLANALTINA                                                                                                                  ","544","003/2017","171 ","","190108","15 .451.6210.1110.0102","449051","-100000","0","400000","0","0","500000","70000","250000",""
"JÚLIO CÉSAR","2017/01/27 00:00:00","01/2017","2017","59111","ADMINISTRAÇÃO REGIONAL DE CEILÂNDIA - RA IX       ","EXECUÇÃO DE OBRAS DE URBANIZAÇÃO-REALIZAÇÃO DE OBRAS DE INFRA-ESTRUTURA E URBANIZAÇÃO NA REGIÃO ADMINISTRATIVA DE CEILÂNDIA- CEILÂNDIA                                                                                                                    ","199","003/2017","171 ","","190111","15 .451.6210.1110.0119","449051","0","0","8572","0","220000","228572","70000","250000",""
"JÚLIO CÉSAR","2017/01/27 00:00:00","01/2017","2017","22201","COMPANHIA URBANIZADORA DA NOVA CAPITAL DO BRASIL -","REFORMA DE QUADRAS DE ESPORTES- IMPLANTAÇÃO DE COBERTURA E REFORMA DE QUADRAS DE ESPORTE-DISTRITO FEDERAL                                                                                                                                                 ","180","003/2017","171 ","","190113","15 .451.6206.3440.0004","449051","150000","0","0","0","150000","0","70000","250000",""
"JÚLIO CÉSAR","2017/01/27 00:00:00","01/2017","2017","59114","ADMINISTRAÇÃO REGIONAL DE SAMAMBAIA - RA XII      ","REFORMA DE PRÉDIOS E PRÓPRIOS-REFORMA DO ESTÁDIO DE SAMAMBAIA- SAMAMBAIA                                                                                                                                                                                  ","1145","003/2017","171 ","","190114","04 .451.6001.3903.0002","449051","200000","0","200000","0","0","0","70000","250000",""
"JÚLIO CÉSAR","2017/01/27 00:00:00","01/2017","2017","59114","ADMINISTRAÇÃO REGIONAL DE SAMAMBAIA - RA XII      ","REFORMA DE PRAÇAS PÚBLICAS E PARQUES-- SAMAMBAIA-DISTRITO FEDERAL                                                                                                                                                                                         ","33020","003/2017","171 ","","190114","15 .451.6206.3902.0029","449051","200000","0","0","0","200000","0","70000","250000",""
"JÚLIO CÉSAR","2017/01/27 00:00:00","01/2017","2017","59114","ADMINISTRAÇÃO REGIONAL DE SAMAMBAIA - RA XII      ","EXECUÇÃO DE OBRAS DE URBANIZAÇÃO-REALIZAÇÃO DE OBRAS DE INFRA-ESTRUTURA E URBANIZAÇÃO NA REGIÃO ADMINISTRATIVA DE SAMAMBAIA- SAMAMBAIA                                                                                                                    ","543","003/2017","171 ","","190114","15 .451.6210.1110.0010","449051","-900000","0","600000","0","0","1500000","70000","250000",""
"JÚLIO CÉSAR","2017/01/27 00:00:00","01/2017","2017","59114","ADMINISTRAÇÃO REGIONAL DE SAMAMBAIA - RA XII      ","AMPLIAÇÃO DA REDE DE ILUMINAÇÃO PÚBLICA-DAS QUADRAS 101, 102, 301 E 302 - SAMAMBAIA-DISTRITO FEDERAL                                                                                                                                                      ","3020","003/2017","171 ","","190114","15 .752.6210.1763.0014","449051","250000","233054,98","0","233054,98","16945,02","0","70000","250000",""
"JÚLIO CÉSAR","2017/01/27 00:00:00","01/2017","2017","59114","ADMINISTRAÇÃO REGIONAL DE SAMAMBAIA - RA XII      ","AMPLIAÇÃO DA REDE DE ILUMINAÇÃO PÚBLICA-AMPLIAÇÃO DA REDE DE ILUMINAÇÃO PUBLICA- SAMAMBAIA                                                                                                                                                                ","1114","003/2017","171 ","","190114","15 .752.6216.1763.0008","449051","400000","323786,95","0","323786,95","76213,05","0","70000","250000",""
"JÚLIO CÉSAR","2017/01/27 00:00:00","01/2017","2017","59114","ADMINISTRAÇÃO REGIONAL DE SAMAMBAIA - RA XII      ","REFORMA DE QUADRAS DE ESPORTES--DISTRITO FEDERAL                                                                                                                                                                                                          ","33320","003/2017","171 ","","190114","27 .812.6206.3440.0025","449051","200000","0","0","0","200000","0","70000","250000",""
"JÚLIO CÉSAR","2017/01/27 00:00:00","01/2017","2017","59114","ADMINISTRAÇÃO REGIONAL DE SAMAMBAIA - RA XII      ","APOIO A EVENTOS-ESPORTIVOS NA REGIAO ADMINISTRATIVA- SAMAMBAIA                                                                                                                                                                                            ","1075","003/2017","171 ","","190114","27 .812.6206.4090.0048","339030","134310","98376,4","0","0","35933,6","0","70000","250000",""
"JÚLIO CÉSAR","2017/01/27 00:00:00","01/2017","2017","59114","ADMINISTRAÇÃO REGIONAL DE SAMAMBAIA - RA XII      ","APOIO A EVENTOS-ESPORTIVOS NA REGIAO ADMINISTRATIVA- SAMAMBAIA                                                                                                                                                                                            ","1075","003/2017","171 ","","190114","27 .812.6206.4090.0048","339031","28467","28466,4","0","28466,4","0,6","0","70000","250000",""
"JÚLIO CÉSAR","2017/01/27 00:00:00","01/2017","2017","59114","ADMINISTRAÇÃO REGIONAL DE SAMAMBAIA - RA XII      ","APOIO A EVENTOS-ESPORTIVOS NA REGIAO ADMINISTRATIVA- SAMAMBAIA                                                                                                                                                                                            ","1075","003/2017","171 ","","190114","27 .812.6206.4090.0048","339039","87223","0","0","0","87223","0","70000","250000",""
"JÚLIO CÉSAR","2017/01/27 00:00:00","01/2017","2017","59116","ADMINISTRAÇÃO REGIONAL DE SÃO SEBASTIÃO - RA XIV  ","EXECUÇÃO DE OBRAS DE URBANIZAÇÃO-REALIZAÇÃO DE OBRAS DE INFRA-ESTRUTURA E URBANIZAÇÃO NA REGIÃO ADMINISTRATIVA DE SÃO SEBASTIÃO- SÃO SEBASTIÃO                                                                                                            ","198","003/2017","171 ","","190116","15 .451.6210.1110.0019","449051","0","0","200000","0","0","200000","70000","250000",""
"JÚLIO CÉSAR","2017/01/27 00:00:00","01/2017","2017","59117","ADMINISTRAÇÃO REGIONAL DO RECANTO DAS EMAS - RA XV","EXECUÇÃO DE OBRAS DE URBANIZAÇÃO-REALIZAÇÃO DE OBRAS DE INFRA-ESTRUTURA E URBANIZAÇÃO NA REGIÃO ADMINISTRATIVA DE SANTA MARIA- RECANTO DAS EMAS                                                                                                           ","197","003/2017","171 ","","190117","15 .451.6210.1110.0023","449051","-200000","0","200000","0","0","400000","70000","250000",""
"JÚLIO CÉSAR","2017/01/27 00:00:00","01/2017","2017","16101","SECRETARIA  DE ESTADO DE CULTURA DO DISTRITO FEDER","APOIO A EVENTOS-APOIO A EVENTOS NAS REGIÕES ADMINISTRATIVAS DO DISTRITO FEDERAL-DISTRITO FEDERAL","539","003/2017","171 ","","190119","27 .392.6219.4090.0016","339036","5000","5000","0","5000","0","0","70000","250000",""
"JÚLIO CÉSAR","2017/01/27 00:00:00","01/2017","2017","16101","SECRETARIA  DE ESTADO DE CULTURA DO DISTRITO FEDER","APOIO A EVENTOS-APOIO A EVENTOS NAS REGIÕES ADMINISTRATIVAS DO DISTRITO FEDERAL-DISTRITO FEDERAL","539","003/2017","171 ","","190119","27 .392.6219.4090.0016","339039","95000","94999,96","0","94999,96","0,04","0","70000","250000",""
"JÚLIO CÉSAR","2017/01/27 00:00:00","01/2017","2017","59122","ADMINISTRAÇÃO REGIONAL DE ÁGUAS CLARAS - RA XX    ","EXECUÇÃO DE OBRAS DE URBANIZAÇÃO-REALIZAÇÃO DE OBRAS DE INFRA-ESTRUTURA E URBANIZAÇÃO NA REGIÃO ADMINISTRATIVA DE ÁGUAS CLARAS- ÁGUAS CLARAS                                                                                                              ","200","003/2017","171 ","","190122","15 .451.6210.1110.0031","449051","0","0","300000","0","0","300000","70000","250000",""
"JÚLIO CÉSAR","2017/01/27 00:00:00","01/2017","2017","16101","SECRETARIA  DE ESTADO DE CULTURA DO DISTRITO FEDER","APOIO A EVENTOS-APOIO A EVENTOS NAS REGIÕES ADMINISTRATIVAS DO DISTRITO FEDERAL-DISTRITO FEDERAL","539","003/2017","171 ","","190123","27 .392.6219.4090.0016","339039","60000","59112,79","0","47202,9","887,21","0","70000","250000",""
"JÚLIO CÉSAR","2017/01/27 00:00:00","01/2017","2017","59123","ADMINISTRAÇÃO REGIONAL DO RIACHO FUNDO II - RA XXI","CONSERVAÇÃO DAS ESTRUTURAS FÍSICAS DE EDIFICAÇÕES PÚBLICAS-CONSERVAÇÃO DAS ESTRUTURAS FÍSICAS DE EDIFICAÇÕES PÚBLICAS-DISTRITO FEDERAL                                                                                                                    ","33021","003/2017","171 ","","190123","04 .122.6001.2396.0001","339030","25000","24999,73","0","0","0,27","0","70000","250000",""
"JÚLIO CÉSAR","2017/01/27 00:00:00","01/2017","2017","59123","ADMINISTRAÇÃO REGIONAL DO RIACHO FUNDO II - RA XXI","REALIZAÇÃO DE EVENTOS-REALIZAÇÃO DE EVENTOS CULTURAIS-DISTRITO FEDERAL                                                                                                                                                                                    ","3021","003/2017","171 ","","190123","13 .392.6206.3678.0044","339039","30000","0","0","0","30000","0","70000","250000",""
"JÚLIO CÉSAR","2017/01/27 00:00:00","01/2017","2017","59123","ADMINISTRAÇÃO REGIONAL DO RIACHO FUNDO II - RA XXI","EXECUÇÃO DE OBRAS DE URBANIZAÇÃO-REALIZAÇÃO DE OBRAS DE INFRA-ESTRUTURA E URBANIZAÇÃO NA REGIÃO ADMINISTRATIVA RIACHO FUNDO II- RIACHO FUNDO II                                                                                                           ","192","003/2017","171 ","","190123","15 .451.6210.1110.0034","449051","-55000","0","945000","0","0","1000000","70000","250000",""
"JÚLIO CÉSAR","2017/01/27 00:00:00","01/2017","2017","59123","ADMINISTRAÇÃO REGIONAL DO RIACHO FUNDO II - RA XXI","AMPLIAÇÃO DA REDE DE ILUMINAÇÃO PÚBLICA-- RIACHO FUNDO II                                                                                                                                                                                                 ","1074","003/2017","171 ","","190123","25 .451.6216.1763.0013","449051","200000","0","160000","0","40000","0","70000","250000",""
"JÚLIO CÉSAR","2017/01/27 00:00:00","01/2017","2017","59123","ADMINISTRAÇÃO REGIONAL DO RIACHO FUNDO II - RA XXI","APOIO A EVENTOS-- RIACHO FUNDO II                                                                                                                                                                                                                         ","1073","003/2017","171 ","","190123","27 .812.6206.4090.0047","339039","200000","0","160000","0","40000","0","70000","250000",""
"JÚLIO CÉSAR","2017/01/27 00:00:00","01/2017","2017","59127","ADMINISTRAÇÃO REGIONAL DO SETOR COMPLEMENTAR DE IN","EXECUÇÃO DE OBRAS DE URBANIZAÇÃO-REALIZAÇÃO DE OBRAS DE INFRA-ESTRUTURA E URBANIZAÇÃO NA REGIÃO ADMINISTRATIVA DA ESTRUTURAL- SETOR COMPL. DE IND. E ABASTECIMENTO                                                                                        ","188","003/2017","171 ","","190127","15 .451.6210.1110.0043","449051","0","0","300000","0","0","300000","70000","250000",""
"JÚLIO CÉSAR","2017/01/27 00:00:00","01/2017","2017","59128","ADMINISTRAÇÃO REGIONAL DE SOBRADINHO II - RA XXVI ","EXECUÇÃO DE OBRAS DE URBANIZAÇÃO-REALIZAÇÃO DE OBRAS DE INFRA-ESTRUTURA E URBANIZAÇÃO NA REGIÃO ADMINISTRATIVA DE SOBRADINHO II-  SOBRADINHO II                                                                                                           ","196","003/2017","171 ","","190128","15 .451.6210.1110.0046","449051","-100000","0","200000","0","0","300000","70000","250000",""
"JÚLIO CÉSAR","2017/01/27 00:00:00","01/2017","2017","59129","ADMINISTRAÇÃO REGIONAL DO JARDIM BOTÂNICO - RA XXV","EXECUÇÃO DE OBRAS DE URBANIZAÇÃO-REALIZAÇÃO DE OBRAS DE INFRA-ESTRUTURA E URBANIZAÇÃO NA REGIÃO ADMINISTRATIVA DO JARDIM BOTÂNICO- JARDIM BOTÂNICO                                                                                                        ","194","003/2017","171 ","","190129","15 .451.6210.1110.0048","449051","-100000","0","500000","0","0","600000","70000","250000",""
"JÚLIO CÉSAR","2017/01/27 00:00:00","01/2017","2017","22201","COMPANHIA URBANIZADORA DA NOVA CAPITAL DO BRASIL -","CONSTRUÇÃO DE ESPAÇO CULTURAL-CASA DE CULTURA DE- PLANALTINA                                                                                                                                                                                              ","9009","003/2017","171 ","","190201","15 .392.6219.5968.0004","449051","250000","250000","0","0","0","0","70000","250000",""
"JÚLIO CÉSAR","2017/01/27 00:00:00","01/2017","2017","22201","COMPANHIA URBANIZADORA DA NOVA CAPITAL DO BRASIL -","CONSTRUÇÃO DE ESPAÇO CULTURAL-CASA DE CULTURA DE- PLANALTINA                                                                                                                                                                                              ","9009","003/2017","171 ","","190201","15 .392.6219.5968.0004","449052","0","0","0","0","0","0","70000","250000",""
"JÚLIO CÉSAR","2017/01/27 00:00:00","01/2017","2017","22201","COMPANHIA URBANIZADORA DA NOVA CAPITAL DO BRASIL -","CONSTRUÇÃO DE PRAÇAS PÚBLICAS E PARQUES- IMPLANTAÇÃO DA PRAÇA DO AREAL-DISTRITO FEDERAL                                                                                                                                                                   ","182","003/2017","171 ","","190201","15 .451.6206.1950.0005","449051","0","0","200000","0","0","200000","70000","250000",""
"JÚLIO CÉSAR","2017/01/27 00:00:00","01/2017","2017","22201","COMPANHIA URBANIZADORA DA NOVA CAPITAL DO BRASIL -","CONSTRUÇÃO DE PRAÇAS PÚBLICAS E PARQUES- CONSTRUÇÃO DE PARQUES INFANTIS DO DISTRITO FEDERAL-DISTRITO FEDERAL                                                                                                                                              ","179","003/2017","171 ","","190201","15 .451.6206.1950.0006","449051","0","0","200000","0","0","200000","70000","250000",""
"JÚLIO CÉSAR","2017/01/27 00:00:00","01/2017","2017","22201","COMPANHIA URBANIZADORA DA NOVA CAPITAL DO BRASIL -","REFORMA DE QUADRAS DE ESPORTES- IMPLANTAÇÃO DE COBERTURA E REFORMA DE QUADRAS DE ESPORTE-DISTRITO FEDERAL                                                                                                                                                 ","180","003/2017","171 ","","190201","15 .451.6206.3440.0004","449051","-250000","0","250000","0","0","500000","70000","250000",""
"JÚLIO CÉSAR","2017/01/27 00:00:00","01/2017","2017","22201","COMPANHIA URBANIZADORA DA NOVA CAPITAL DO BRASIL -","IMPLANTAÇÃO DE INFRA-ESTRUTURA ESPORTIVA- IMPLANTAÇÃO DE PECS NO DF-DISTRITO FEDERAL                                                                                                                                                                      ","178","003/2017","171 ","","190201","15 .451.6206.3596.0004","449051","-195000","0","0","0","0","195000","70000","250000",""
"JÚLIO CÉSAR","2017/01/27 00:00:00","01/2017","2017","22201","COMPANHIA URBANIZADORA DA NOVA CAPITAL DO BRASIL -","CONSTRUÇÃO DE FEIRAS- IMPLANTAÇÃO DA FEIRA DO RIACHO FUNDO II- RIACHO FUNDO II                                                                                                                                                                            ","175","003/2017","171 ","","190201","15 .451.6207.1302.0002","449051","2","0","500002","0","0","500000","70000","250000",""
"JÚLIO CÉSAR","2017/01/27 00:00:00","01/2017","2017","22201","COMPANHIA URBANIZADORA DA NOVA CAPITAL DO BRASIL -","CONSTRUÇÃO DE FEIRAS-IMPLANTAÇÃO DA FEIRA DO RIACHO FUNDO II-DISTRITO FEDERAL                                                                                                                                                                             ","1177","003/2017","171 ","","190201","15 .451.6207.1302.0003","449051","210001","0","210001","0","0","0","70000","250000",""
"JÚLIO CÉSAR","2017/01/27 00:00:00","01/2017","2017","22201","COMPANHIA URBANIZADORA DA NOVA CAPITAL DO BRASIL -","REFORMA DE FEIRAS- REFORMA DE FEIRA DA REGIÃO ADMINISTRATIVA DE SANTA MARIA- SANTA MARIA                                                                                                                                                                  ","181","003/2017","171 ","","190201","15 .451.6207.3247.0001","449051","-300000","0","0","0","0","300000","70000","250000",""
"JÚLIO CÉSAR","2017/01/27 00:00:00","01/2017","2017","22201","COMPANHIA URBANIZADORA DA NOVA CAPITAL DO BRASIL -","EXECUÇÃO DE OBRAS DE URBANIZAÇÃO-REALIZAÇÃO DE OBRAS DE INFRA-ESTRUTURA E URBANIZAÇÃO NAS REGIÕES ADMINISTRATIVAS DO DISTRITO FEDERAL-DISTRITO FEDERAL","184","003/2017","171 ","","190201","15 .451.6210.1110.0065","449051","-600000","0","400000","0","0","1000000","70000","250000",""
"JÚLIO CÉSAR","2017/01/27 00:00:00","01/2017","2017","22201","COMPANHIA URBANIZADORA DA NOVA CAPITAL DO BRASIL -","EXECUÇÃO DE OBRAS DE URBANIZAÇÃO-REALIZAÇÃO DE OBRAS DE INFRAESTRUTURA E URBANIZAÇÃO NAS REGIÕES ADMINISTRATIVAS DO-DISTRITO FEDERAL                                                                                                                      ","9017","003/2017","171 ","","190201","15 .451.6210.1110.0171","449051","700000","0","700000","0","0","0","70000","250000",""
"JÚLIO CÉSAR","2017/01/27 00:00:00","01/2017","2017","22201","COMPANHIA URBANIZADORA DA NOVA CAPITAL DO BRASIL -","CONSTRUÇÃO DE CENTRO DE CONVIVÊNCIA DE IDOSOS- CCI - VARJÃO- VARJÃO                                                                                                                                                                                       ","187","003/2017","171 ","","190201","15 .451.6228.7294.0001","449051","0","0","500000","0","0","500000","70000","250000",""
"JÚLIO CÉSAR","2017/01/27 00:00:00","01/2017","2017","22201","COMPANHIA URBANIZADORA DA NOVA CAPITAL DO BRASIL -","AMPLIAÇÃO DOS PONTOS DE ILUMINAÇÃO PÚBLICA- EM PRAÇAS E QUADRAS DE ESPORTE - RIACHO FUNDO II- RIACHO FUNDO II                                                                                                                                             ","176","003/2017","171 ","","190201","15 .752.6210.1836.0010","449051","-200000","0","300000","0","0","500000","70000","250000",""
"JÚLIO CÉSAR","2017/01/27 00:00:00","01/2017","2017","22201","COMPANHIA URBANIZADORA DA NOVA CAPITAL DO BRASIL -","AMPLIAÇÃO DOS PONTOS DE ILUMINAÇÃO PÚBLICA- EM PRAÇAS E QUADRAS DE ESPORTE - SAMAMBAIAI- SAMAMBAIA                                                                                                                                                        ","177","003/2017","171 ","","190201","15 .752.6210.1836.0011","449051","-300000","0","200000","0","0","500000","70000","250000",""
"JÚLIO CÉSAR","2017/01/27 00:00:00","01/2017","2017","34101","SECRETARIA DE ESTADO DE ESPORTE, TURISMO E LAZER D","MANUTENÇÃO DE CENTROS ESPORTIVOS-CENTROS OLÍMPICOS E PARAOLÍMPICOS-DISTRITO FEDERAL                                                                                                                                                                       ","5127","003/2017","171 ","","190201","27 .812.6206.4035.0001","339039","1700000","1700000","0","0","0","0","70000","250000","500000"
"JÚLIO CÉSAR","2017/01/27 00:00:00","01/2017","2017","59114","ADMINISTRAÇÃO REGIONAL DE SAMAMBAIA - RA XII      ","EXECUÇÃO DE OBRAS DE URBANIZAÇÃO-REALIZAÇÃO DE OBRAS DE INFRA-ESTRUTURA E URBANIZAÇÃO NA REGIÃO ADMINISTRATIVA DE SAMAMBAIA- SAMAMBAIA                                                                                                                    ","543","003/2017","171 ","","190201","15 .451.6210.1110.0010","449051","400000","400000","0","108268,9","0","0","70000","250000",""
"JÚLIO CÉSAR","2017/01/27 00:00:00","01/2017","2017","16101","SECRETARIA  DE ESTADO DE CULTURA DO DISTRITO FEDER","REALIZAÇÃO DE EVENTOS-QUILOMBO NAS ESCOLAS-DISTRITO FEDERAL                                                                                                                                                                                               ","1112","003/2017","171 ","","230101","13 .392.6219.3678.0031","335039","100000","0","100000","0","0","0","70000","250000",""
"JÚLIO CÉSAR","2017/01/27 00:00:00","01/2017","2017","16101","SECRETARIA  DE ESTADO DE CULTURA DO DISTRITO FEDER","REALIZAÇÃO DE EVENTOS-QUILOMBO NAS ESCOLAS-DISTRITO FEDERAL                                                                                                                                                                                               ","1112","003/2017","171 ","","230101","13 .392.6219.3678.0031","335041","100000","100000","0","100000","0","0","70000","250000",""
"JÚLIO CÉSAR","2017/01/27 00:00:00","01/2017","2017","16101","SECRETARIA  DE ESTADO DE CULTURA DO DISTRITO FEDER","REALIZAÇÃO DE EVENTOS-2º ENCONTRO SÓCIO CULTURAL DE ENFRENTAMENTO E COMBATE ÀS DROGAS-DISTRITO FEDERAL                                                                                                                                                    ","1115","003/2017","171 ","","230101","13 .392.6219.3678.0033","335039","0","0","0","0","0","0","70000","250000",""
"JÚLIO CÉSAR","2017/01/27 00:00:00","01/2017","2017","16101","SECRETARIA  DE ESTADO DE CULTURA DO DISTRITO FEDER","REALIZAÇÃO DE EVENTOS-EDUCAR CAPOEIRA-DISTRITO FEDERAL                                                                                                                                                                                                    ","1113","003/2017","171 ","","230101","13 .392.6219.3678.0042","335039","0","0","0","0","0","0","70000","250000",""
"JÚLIO CÉSAR","2017/01/27 00:00:00","01/2017","2017","16101","SECRETARIA  DE ESTADO DE CULTURA DO DISTRITO FEDER","REALIZAÇÃO DE EVENTOS-EDUCAR CAPOEIRA-DISTRITO FEDERAL                                                                                                                                                                                                    ","9011","003/2017","171 ","","230101","13 .392.6219.3678.0063","335039","40000","0","0","0","40000","0","70000","250000",""
"JÚLIO CÉSAR","2017/01/27 00:00:00","01/2017","2017","16101","SECRETARIA  DE ESTADO DE CULTURA DO DISTRITO FEDER","APOIO A EVENTOS-NAS REGIÕES ADMINISTRATIVAS DO-DISTRITO FEDERAL                                                                                                                                                                                           ","1146","003/2017","171 ","","230101","13 .392.6219.4090.0044","339039","300000","59930,76","240000","0","69,24","0","70000","250000",""
"JÚLIO CÉSAR","2017/01/27 00:00:00","01/2017","2017","16101","SECRETARIA  DE ESTADO DE CULTURA DO DISTRITO FEDER","APOIO A EVENTOS-NAS REGIÕES ADMINISTRATIVAS DO-DISTRITO FEDERAL                                                                                                                                                                                           ","5057","003/2017","171 ","","230101","13 .392.6219.4090.0058","339039","200000","0","200000","0","0","0","70000","250000",""
"JÚLIO CÉSAR","2017/01/27 00:00:00","01/2017","2017","16101","SECRETARIA  DE ESTADO DE CULTURA DO DISTRITO FEDER","APOIO A PROJETOS--DISTRITO FEDERAL                                                                                                                                                                                                                        ","191","003/2017","171 ","","230101","13 .392.6219.4091.0001","339039","-270000","0","30000","0","0","300000","70000","250000",""
"JÚLIO CÉSAR","2017/01/27 00:00:00","01/2017","2017","16101","SECRETARIA  DE ESTADO DE CULTURA DO DISTRITO FEDER","APOIO A EVENTOS-APOIO A EVENTOS NAS REGIÕES ADMINISTRATIVAS DO DISTRITO FEDERAL-DISTRITO FEDERAL","539","003/2017","171 ","","230101","27 .392.6219.4090.0016","339039","-680000","76875,69","0","61214,37","43124,31","800000","70000","250000",""
"JÚLIO CÉSAR","2017/01/27 00:00:00","01/2017","2017","59114","ADMINISTRAÇÃO REGIONAL DE SAMAMBAIA - RA XII      ","AMPLIAÇÃO DA REDE DE ILUMINAÇÃO PÚBLICA-AMPLIAÇÃO DA REDE DE ILUMINAÇÃO PUBLICA- SAMAMBAIA                                                                                                                                                                ","1114","003/2017","171 ","","280209","15 .752.6216.1763.0008","449051","200000","0","0","0","200000","0","70000","250000",""
"JÚLIO CÉSAR","2017/01/27 00:00:00","01/2017","2017","34101","SECRETARIA DE ESTADO DE ESPORTE, TURISMO E LAZER D","APOIO AO COMPETE BRASÍLIA-APOIO A PROJETOS - COMPETE BRASÍLIA-DISTRITO FEDERAL                                                                                                                                                                            ","542","003/2017","171 ","","340101","27 .812.6206.2631.0001","339033","1450000","1449997,8","0","1342692,9","2,2","0","70000","250000",""
"JÚLIO CÉSAR","2017/01/27 00:00:00","01/2017","2017","34101","SECRETARIA DE ESTADO DE ESPORTE, TURISMO E LAZER D","APOIO AO COMPETE BRASÍLIA-APOIO A PROJETOS - COMPETE BRASÍLIA-DISTRITO FEDERAL                                                                                                                                                                            ","542","003/2017","171 ","","340101","27 .812.6206.2631.0001","339039","-950000","0","50000","0","0","1000000","70000","250000",""
"JÚLIO CÉSAR","2017/01/27 00:00:00","01/2017","2017","34101","SECRETARIA DE ESTADO DE ESPORTE, TURISMO E LAZER D","REFORMA DE ESPAÇOS ESPORTIVOS-NO DISTRITO FEDERAL-DISTRITO FEDERAL                                                                                                                                                                                        ","173","003/2017","171 ","","340101","27 .812.6206.3048.0004","449051","-930000","0","70000","0","0","1000000","70000","250000",""
"JÚLIO CÉSAR","2017/01/27 00:00:00","01/2017","2017","34101","SECRETARIA DE ESTADO DE ESPORTE, TURISMO E LAZER D","REALIZAÇÃO DE EVENTOS-CIRCUITO DE LAZER NAS REGIÕES ADMINISTRATIVAS DO DISTRITO FEDEDERAL-DISTRITO FEDERAL                                                                                                                                                ","171","003/2017","171 ","","340101","27 .812.6206.3678.0009","339039","-300000","0","0","0","0","300000","70000","250000",""
"JÚLIO CÉSAR","2017/01/27 00:00:00","01/2017","2017","34101","SECRETARIA DE ESTADO DE ESPORTE, TURISMO E LAZER D","MANUTENÇÃO DE CENTROS ESPORTIVOS-CENTROS OLÍMPICOS E PARAOLÍMPICOS-DISTRITO FEDERAL                                                                                                                                                                       ","5127","003/2017","171 ","","340101","27 .812.6206.4035.0001","335039","0","0","0","0","0","0","70000","250000","500000"
"JÚLIO CÉSAR","2017/01/27 00:00:00","01/2017","2017","34101","SECRETARIA DE ESTADO DE ESPORTE, TURISMO E LAZER D","MANUTENÇÃO DE CENTROS ESPORTIVOS-CENTROS OLÍMPICOS E PARAOLÍMPICOS-DISTRITO FEDERAL                                                                                                                                                                       ","5127","003/2017","171 ","","340101","27 .812.6206.4035.0001","335041","1739309","10872519,72","0","10487535,29","0,1","25000000","70000","250000","500000"
"JÚLIO CÉSAR","2017/01/27 00:00:00","01/2017","2017","34101","SECRETARIA DE ESTADO DE ESPORTE, TURISMO E LAZER D","MANUTENÇÃO DE CENTROS ESPORTIVOS-CENTROS OLÍMPICOS E PARAOLÍMPICOS-DISTRITO FEDERAL                                                                                                                                                                       ","5127","003/2017","171 ","","340101","27 .812.6206.4035.0001","339030","2296889,1","1977566,22","0","150998,48","419175,5","100000","70000","250000","500000"
"JÚLIO CÉSAR","2017/01/27 00:00:00","01/2017","2017","34101","SECRETARIA DE ESTADO DE ESPORTE, TURISMO E LAZER D","MANUTENÇÃO DE CENTROS ESPORTIVOS-CENTROS OLÍMPICOS E PARAOLÍMPICOS-DISTRITO FEDERAL                                                                                                                                                                       ","5127","003/2017","171 ","","340101","27 .812.6206.4035.0001","339039","2203110,9","6453842,57","0","3717757,47","151873,7","4811712","70000","250000","500000"
"JÚLIO CÉSAR","2017/01/27 00:00:00","01/2017","2017","34101","SECRETARIA DE ESTADO DE ESPORTE, TURISMO E LAZER D","MANUTENÇÃO DE CENTROS ESPORTIVOS-CENTROS OLÍMPICOS E PARAOLÍMPICOS-DISTRITO FEDERAL                                                                                                                                                                       ","5127","003/2017","171 ","","340101","27 .812.6206.4035.0001","339092","33191","33190,03","0","33190,03","0,97","0","70000","250000","500000"
"JÚLIO CÉSAR","2017/01/27 00:00:00","01/2017","2017","34101","SECRETARIA DE ESTADO DE ESPORTE, TURISMO E LAZER D","MANUTENÇÃO DE CENTROS ESPORTIVOS-CENTROS OLÍMPICOS E PARAOLÍMPICOS-DISTRITO FEDERAL                                                                                                                                                                       ","5127","003/2017","171 ","","340101","27 .812.6206.4035.0001","449052","0","27504,6","0","27504,6","0,4","50000","70000","250000","500000"
"JÚLIO CÉSAR","2017/01/27 00:00:00","01/2017","2017","34101","SECRETARIA DE ESTADO DE ESPORTE, TURISMO E LAZER D","MANUTENÇÃO DE CENTROS ESPORTIVOS-MANUTENÇÃO DE CENTROS ESPORTIVOS - CENTROS OLÍMPICOS E PARAOLÍMPICOS-DISTRITO FEDERAL                                                                                                                                    ","5058","003/2017","171 ","","340101","27 .812.6206.4035.0002","339039","495000","0","0","0","495000","0","70000","250000",""
"JÚLIO CÉSAR","2017/01/27 00:00:00","01/2017","2017","34101","SECRETARIA DE ESTADO DE ESPORTE, TURISMO E LAZER D","APOIO A EVENTOS-ESPORTIVOS NAS REGIÕES ADMINISTRATIVAS DO-DISTRITO FEDERAL                                                                                                                                                                                ","1077","003/2017","171 ","","340101","27 .812.6206.4090.0037","339039","300000","0","250000","0","50000","0","70000","250000",""
"JÚLIO CÉSAR","2017/01/27 00:00:00","01/2017","2017","34101","SECRETARIA DE ESTADO DE ESPORTE, TURISMO E LAZER D","APOIO A PROJETOS- BOLEIROS-DISTRITO FEDERAL                                                                                                                                                                                                               ","172","003/2017","171 ","","340101","27 .812.6206.4091.0006","339039","0","99988,16","400001","97187,15","10,84","500000","70000","250000",""
"JÚLIO CÉSAR","2017/01/27 00:00:00","01/2017","2017","48101","DEFENSORIA PÚBLICA DO DISTRITO FEDERAL            ","CONCESSÃO DE BOLSA ESTÁGIO-DEFENSORIA PÚBLICA DO DISTRITO FEDERAL-DISTRITO FEDERAL                                                                                                                                                                        ","538","003/2017","171 ","","480101","14 .422.6002.2422.0001","339039","-400000","0","400000","0","0","800000","70000","250000",""
